date,Bolivar_Dolar
6-23-2010,9.92
6-25-2010,8.05
6-26-2010,8.05
6-27-2010,7.91
6-28-2010,7.91
6-29-2010,7.92
6-30-2010,7.97
7-1-2010,7.97
7-2-2010,7.98
7-4-2010,7.85
7-6-2010,7.84
7-7-2010,8.27
7-8-2010,8.22
7-9-2010,8.17
7-11-2010,8.17
7-12-2010,8.16
7-13-2010,8.13
7-14-2010,8.15
7-15-2010,8.14
7-16-2010,8.17
7-17-2010,8.17
7-18-2010,8.17
7-19-2010,8.14
7-20-2010,8.14
7-21-2010,8.12
7-22-2010,8.21
7-23-2010,8.23
7-24-2010,8.22
7-25-2010,8.49
7-26-2010,8.45
7-27-2010,8.42
7-28-2010,8.39
7-29-2010,8.37
7-30-2010,8.38
7-31-2010,8.38
8-1-2010,8.38
8-2-2010,8.33
8-3-2010,8.34
8-4-2010,8.34
8-5-2010,8.27
8-6-2010,8.27
8-7-2010,8.27
8-8-2010,8.27
8-9-2010,8.27
8-10-2010,8.23
8-11-2010,8.21
8-12-2010,8.24
8-13-2010,8.34
8-14-2010,8.34
8-15-2010,8.26
8-16-2010,8.26
8-17-2010,8.23
8-18-2010,8.21
8-19-2010,7.9
8-20-2010,7.9
8-22-2010,7.91
8-23-2010,7.86
8-24-2010,8.27
8-25-2010,8.27
8-26-2010,8.27
8-29-2010,8.27
8-31-2010,8.31
9-2-2010,8.23
9-3-2010,8.23
9-5-2010,8.22
9-6-2010,8.22
9-7-2010,8.22
9-8-2010,8.2
9-9-2010,8.19
9-10-2010,8.19
9-12-2010,8.19
9-13-2010,8.15
9-14-2010,8.13
9-15-2010,8.21
9-16-2010,8.23
9-19-2010,8.21
9-20-2010,8.18
9-21-2010,8.17
9-22-2010,8.2
9-23-2010,8.2
9-26-2010,8.22
9-27-2010,8.19
9-28-2010,8.2
9-29-2010,8.18
9-30-2010,8.18
10-1-2010,8.18
10-3-2010,8.17
10-4-2010,8.19
10-5-2010,8.19
10-6-2010,8.16
10-7-2010,8.16
10-10-2010,8.12
10-11-2010,8.12
10-12-2010,8.12
10-13-2010,8.15
10-17-2010,7.87
10-18-2010,7.53
10-19-2010,7.57
10-20-2010,7.55
10-21-2010,7.56
10-24-2010,7.92
10-25-2010,7.96
10-26-2010,7.99
10-27-2010,8.02
10-28-2010,7.99
10-31-2010,7.99
11-1-2010,7.99
11-3-2010,7.89
11-4-2010,7.81
11-7-2010,7.84
11-8-2010,7.82
11-9-2010,7.88
11-11-2010,7.81
11-14-2010,8.04
11-15-2010,8.05
11-16-2010,8.05
11-17-2010,8.04
11-18-2010,8.07
11-21-2010,8.18
11-22-2010,8.49
11-23-2010,8.5
11-24-2010,8.43
11-25-2010,8.48
11-28-2010,8.56
11-29-2010,8.52
11-30-2010,8.63
12-1-2010,8.59
12-2-2010,8.56
12-5-2010,8.46
12-6-2010,8.4
12-7-2010,8.41
12-8-2010,8.37
12-9-2010,8.48
12-12-2010,8.36
12-13-2010,8.46
12-14-2010,8.49
12-15-2010,8.45
12-16-2010,8.48
12-19-2010,8.53
12-20-2010,8.75
12-21-2010,8.78
12-22-2010,8.81
12-23-2010,8.72
12-26-2010,8.84
12-27-2010,8.93
12-28-2010,8.93
12-29-2010,8.93
12-30-2010,9.35
1-2-2011,9.09
1-3-2011,9.08
1-4-2011,8.92
1-5-2011,9.01
1-6-2011,8.99
1-9-2011,8.79
1-10-2011,8.67
1-11-2011,8.76
1-12-2011,8.74
1-13-2011,8.65
1-16-2011,8.66
1-17-2011,8.65
1-18-2011,8.64
1-19-2011,8.53
1-20-2011,8.55
1-23-2011,8.51
1-24-2011,8.54
1-25-2011,8.59
1-26-2011,8.64
1-27-2011,8.59
1-28-2011,8.63
1-30-2011,8.65
1-31-2011,8.64
2-1-2011,8.62
2-2-2011,8.63
2-3-2011,8.63
2-6-2011,8.65
2-9-2011,8.86
2-10-2011,8.86
2-13-2011,8.79
2-14-2011,8.81
2-15-2011,8.88
2-16-2011,8.88
2-17-2011,8.76
2-20-2011,8.73
2-21-2011,8.74
2-22-2011,8.8
2-23-2011,8.82
2-24-2011,8.79
2-27-2011,8.82
2-28-2011,8.85
3-1-2011,8.89
3-2-2011,8.88
3-3-2011,8.79
3-6-2011,8.77
3-7-2011,8.78
3-8-2011,8.73
3-9-2011,8.69
3-10-2011,8.67
3-12-2011,8.65
3-13-2011,8.66
3-14-2011,8.7
3-15-2011,8.7
3-16-2011,8.75
3-17-2011,8.9
3-18-2011,8.67
3-19-2011,8.7
3-20-2011,8.68
3-21-2011,8.6
3-22-2011,8.6
3-23-2011,8.58
3-24-2011,8.4
3-25-2011,8.4
3-26-2011,8.4
3-28-2011,8.43
3-29-2011,8.46
3-30-2011,8.41
3-31-2011,8.39
4-1-2011,8.31
4-2-2011,8.31
4-3-2011,8.4
4-4-2011,8.28
4-5-2011,8.26
4-6-2011,8.26
4-7-2011,8.21
4-8-2011,8.24
4-10-2011,8.2
4-11-2011,8.2
4-12-2011,8.23
4-13-2011,8.27
4-14-2011,8.2
4-15-2011,8.2
4-16-2011,8.2
4-17-2011,8.13
4-18-2011,8.17
4-19-2011,8.13
4-20-2011,8.11
4-21-2011,8.1
4-22-2011,8.07
4-24-2011,8.02
4-25-2011,8.06
4-26-2011,8.07
4-27-2011,8.02
4-28-2011,7.99
4-29-2011,8.03
5-1-2011,8.02
5-2-2011,8.41
5-3-2011,8.37
5-4-2011,8.37
5-5-2011,8.37
5-6-2011,8.46
5-7-2011,8.46
5-8-2011,8.51
5-9-2011,8.55
5-10-2011,8.51
5-11-2011,8.81
5-12-2011,8.48
5-13-2011,8.5
5-14-2011,8.49
5-15-2011,8.49
5-16-2011,8.53
5-17-2011,8.54
5-18-2011,8.59
5-19-2011,8.54
5-20-2011,8.52
5-21-2011,8.52
5-23-2011,8.86
5-24-2011,8.56
5-25-2011,8.56
5-26-2011,8.54
5-27-2011,8.53
5-28-2011,8.53
5-29-2011,8.51
5-30-2011,8.45
6-1-2011,8.43
6-2-2011,8.33
6-3-2011,8.34
6-4-2011,8.34
6-5-2011,8.33
6-6-2011,8.33
6-7-2011,8.25
6-8-2011,8.34
6-9-2011,8.28
6-10-2011,8.3
6-11-2011,8.3
6-12-2011,8.3
6-13-2011,8.31
6-14-2011,8.31
6-15-2011,8.27
6-16-2011,8.38
6-17-2011,8.35
6-18-2011,8.35
6-19-2011,8.37
6-20-2011,8.35
6-21-2011,8.16
6-22-2011,8.32
6-23-2011,8.32
6-24-2011,8.36
6-25-2011,8.36
6-26-2011,8.36
6-27-2011,8.33
6-28-2011,8.34
6-29-2011,8.31
6-30-2011,8.24
7-1-2011,8.2
7-2-2011,8.2
7-3-2011,8.2
7-4-2011,8.19
7-5-2011,8.19
7-6-2011,8.21
7-7-2011,8.18
7-8-2011,8.18
7-9-2011,8.18
7-10-2011,8.19
7-11-2011,8.25
7-12-2011,8.24
7-13-2011,8.24
7-14-2011,8.27
7-15-2011,8.27
7-16-2011,8.27
7-17-2011,8.25
7-18-2011,8.29
7-19-2011,8.28
7-20-2011,8.3
7-21-2011,8.34
7-22-2011,8.34
7-23-2011,8.34
7-24-2011,8.36
7-25-2011,8.41
7-26-2011,8.38
7-27-2011,8.37
7-28-2011,8.34
7-29-2011,8.37
7-30-2011,8.34
7-31-2011,8.27
8-1-2011,8.38
8-2-2011,8.31
8-3-2011,8.37
8-4-2011,8.5
8-5-2011,8.5
8-6-2011,8.5
8-7-2011,8.43
8-8-2011,8.53
8-9-2011,8.63
8-10-2011,8.71
8-11-2011,8.68
8-12-2011,8.66
8-13-2011,8.66
8-14-2011,8.68
8-15-2011,8.68
8-16-2011,8.82
8-17-2011,8.79
8-18-2011,8.81
8-19-2011,8.81
8-20-2011,8.81
8-21-2011,8.7
8-22-2011,8.76
8-23-2011,8.59
8-24-2011,8.66
8-25-2011,8.63
8-26-2011,8.67
8-27-2011,8.67
8-28-2011,8.61
8-29-2011,8.63
8-31-2011,8.63
9-1-2011,8.59
9-2-2011,8.6
9-3-2011,8.6
9-4-2011,8.59
9-5-2011,8.57
9-6-2011,8.65
9-7-2011,8.61
9-8-2011,8.6
9-9-2011,8.64
9-10-2011,8.64
9-11-2011,8.63
9-12-2011,8.68
9-13-2011,8.76
9-14-2011,8.82
9-15-2011,8.82
9-16-2011,8.76
9-17-2011,8.76
9-18-2011,8.75
9-19-2011,8.75
9-20-2011,8.89
9-21-2011,9.08
9-23-2011,8.96
9-24-2011,8.96
9-25-2011,8.96
9-26-2011,8.94
9-27-2011,8.86
9-28-2011,8.93
9-29-2011,8.96
9-30-2011,8.92
10-1-2011,8.92
10-2-2011,8.92
10-3-2011,9.03
10-4-2011,8.94
10-5-2011,9.09
10-6-2011,9.06
10-7-2011,8.95
10-8-2011,8.95
10-9-2011,9.01
10-10-2011,9.03
10-11-2011,9.01
10-12-2011,9.03
10-13-2011,8.66
10-14-2011,8.65
10-15-2011,8.65
10-16-2011,8.61
10-17-2011,8.76
10-18-2011,8.72
10-19-2011,8.75
10-20-2011,8.71
10-21-2011,8.71
10-22-2011,8.71
10-23-2011,8.73
10-24-2011,8.64
10-25-2011,8.62
10-26-2011,8.58
10-27-2011,8.58
10-28-2011,8.58
10-29-2011,8.58
10-30-2011,8.61
10-31-2011,8.61
11-1-2011,8.71
11-2-2011,8.71
11-3-2011,8.76
11-5-2011,8.76
11-6-2011,8.86
11-7-2011,8.85
11-8-2011,8.88
11-9-2011,8.88
11-10-2011,8.91
11-11-2011,8.88
11-12-2011,8.9
11-13-2011,8.9
11-14-2011,8.91
11-15-2011,8.87
11-16-2011,8.95
11-17-2011,9
11-18-2011,9
11-19-2011,9
11-20-2011,9.04
11-21-2011,9.06
11-22-2011,9.09
11-23-2011,9.15
11-25-2011,9.28
11-26-2011,9.28
11-27-2011,9.24
11-28-2011,9.27
11-29-2011,9.28
11-30-2011,9.28
12-1-2011,9.28
12-3-2011,9.24
12-4-2011,9.22
12-5-2011,9.17
12-6-2011,9.12
12-7-2011,9.09
12-8-2011,9.09
12-9-2011,9.09
12-10-2011,9.09
12-11-2011,9.08
12-12-2011,9.04
12-13-2011,9.02
12-14-2011,9.06
12-15-2011,9.02
12-16-2011,9.06
12-17-2011,9.06
12-18-2011,9.06
12-19-2011,9.25
12-20-2011,9.27
12-21-2011,9.27
12-22-2011,9.41
12-23-2011,9.38
12-24-2011,9.38
12-25-2011,9.43
12-26-2011,9.42
12-27-2011,9.42
12-28-2011,9.5
12-29-2011,9.45
12-30-2011,9.45
12-31-2011,9.46
1-1-2012,9.46
1-2-2012,9.46
1-3-2012,9.29
1-4-2012,9.17
1-5-2012,9.21
1-6-2012,9.18
1-7-2012,9.18
1-8-2012,9.19
1-9-2012,9.15
1-10-2012,9.15
1-11-2012,9.11
1-12-2012,8.99
1-13-2012,8.98
1-14-2012,8.99
1-15-2012,8.98
1-16-2012,8.96
1-17-2012,8.97
1-18-2012,8.81
1-19-2012,8.82
1-20-2012,8.82
1-21-2012,8.82
1-22-2012,8.82
1-23-2012,8.67
1-24-2012,8.72
1-25-2012,8.71
1-26-2012,8.71
1-27-2012,8.69
1-28-2012,8.69
1-29-2012,8.68
1-30-2012,8.77
1-31-2012,8.77
2-1-2012,8.68
2-2-2012,8.68
2-3-2012,8.68
2-4-2012,8.68
2-5-2012,8.65
2-6-2012,8.65
2-7-2012,8.61
2-8-2012,8.59
2-9-2012,8.58
2-10-2012,8.63
2-11-2012,8.63
2-12-2012,8.63
2-13-2012,9.02
2-14-2012,9.02
2-15-2012,8.92
2-16-2012,8.81
2-17-2012,8.81
2-18-2012,8.81
2-19-2012,8.94
2-20-2012,8.97
2-21-2012,8.92
2-22-2012,9.01
2-23-2012,8.97
2-24-2012,8.97
2-26-2012,8.98
2-27-2012,8.96
2-28-2012,8.95
2-29-2012,8.91
3-1-2012,8.94
3-2-2012,8.94
3-3-2012,8.94
3-4-2012,8.96
3-5-2012,9.34
3-6-2012,9.36
3-7-2012,9.58
3-8-2012,9.58
3-10-2012,9.58
3-11-2012,9.58
3-12-2012,9.56
3-14-2012,9.47
3-15-2012,9.63
3-16-2012,9.63
3-17-2012,9.63
3-18-2012,9.51
3-19-2012,9.52
3-20-2012,9.35
3-21-2012,9.34
3-22-2012,9.34
3-23-2012,9.34
3-24-2012,9.34
3-25-2012,9.32
3-26-2012,9.31
3-27-2012,9.32
3-28-2012,9.38
3-29-2012,9.38
3-30-2012,9.38
3-31-2012,9.38
4-1-2012,9.38
4-2-2012,9.38
4-3-2012,9.36
4-4-2012,9.36
4-5-2012,9.4
4-6-2012,9.4
4-7-2012,9.4
4-8-2012,9.4
4-9-2012,9.39
4-10-2012,9.4
4-11-2012,9.4
4-12-2012,9.35
4-13-2012,9.35
4-14-2012,9.39
4-15-2012,9.35
4-16-2012,9.35
4-18-2012,9.37
4-19-2012,9.39
4-20-2012,9.36
4-21-2012,9.36
4-22-2012,9.31
4-23-2012,9.35
4-24-2012,9.31
4-25-2012,9.31
4-26-2012,9.27
4-29-2012,9.25
4-30-2012,9.28
5-1-2012,9.28
5-2-2012,9.24
5-3-2012,9.23
5-4-2012,9.23
5-5-2012,9.23
5-6-2012,9.2
5-7-2012,9.24
5-8-2012,9.3
5-9-2012,9.32
5-10-2012,9.29
5-11-2012,9.29
5-12-2012,9.29
5-13-2012,9.29
5-14-2012,9.32
5-15-2012,9.29
5-16-2012,9.43
5-17-2012,9.47
5-18-2012,9.47
5-19-2012,9.47
5-20-2012,9.53
5-21-2012,9.63
5-22-2012,9.61
5-23-2012,9.61
5-24-2012,9.69
5-25-2012,9.69
5-26-2012,9.69
5-27-2012,9.7
5-28-2012,9.7
5-29-2012,9.52
5-30-2012,9.61
5-31-2012,9.56
6-1-2012,9.64
6-2-2012,9.64
6-3-2012,9.62
6-4-2012,9.56
6-5-2012,9.43
6-6-2012,9.41
6-7-2012,9.39
6-8-2012,9.34
6-9-2012,9.34
6-10-2012,9.34
6-11-2012,9.34
6-12-2012,9.34
6-13-2012,9.39
6-14-2012,9.4
6-15-2012,9.39
6-16-2012,9.39
6-17-2012,9.39
6-18-2012,9.39
6-19-2012,9.33
6-20-2012,9.34
6-21-2012,9.34
6-22-2012,9.42
6-23-2012,9.42
6-24-2012,9.42
6-25-2012,9.45
6-26-2012,9.51
6-27-2012,9.45
6-28-2012,9.51
6-29-2012,9.37
6-30-2012,9.37
7-1-2012,9.37
7-2-2012,9.37
7-3-2012,9.36
7-5-2012,9.33
7-6-2012,9.33
7-7-2012,9.33
7-8-2012,9.4
7-9-2012,9.4
7-10-2012,9.4
7-11-2012,9.42
7-12-2012,9.4
7-13-2012,9.36
7-14-2012,9.36
7-15-2012,9.37
7-16-2012,9.36
7-17-2012,9.03
7-18-2012,9.35
7-19-2012,9.34
7-20-2012,9.34
7-21-2012,9.34
7-22-2012,9.35
7-23-2012,9.42
7-24-2012,9.45
7-29-2012,9.42
7-30-2012,9.43
7-31-2012,9.42
8-1-2012,9.4
8-2-2012,9.43
8-3-2012,9.43
8-4-2012,9.43
8-5-2012,9.43
8-6-2012,9.4
8-7-2012,9.4
8-8-2012,9.46
8-9-2012,9.45
8-10-2012,9.45
8-11-2012,9.45
8-12-2012,9.43
8-13-2012,9.48
8-14-2012,9.48
8-15-2012,9.66
8-16-2012,9.66
8-17-2012,9.63
8-18-2012,9.63
8-19-2012,9.68
8-20-2012,10.7
8-21-2012,10.7
8-22-2012,10.68
8-23-2012,10.64
8-24-2012,10.64
8-25-2012,10.64
8-26-2012,10.64
8-27-2012,10.68
8-28-2012,11.58
8-29-2012,11.58
8-30-2012,11.54
8-31-2012,11.54
9-1-2012,11.54
9-2-2012,11.58
9-3-2012,11.4
9-4-2012,11.4
9-5-2012,11.4
9-6-2012,11.29
9-7-2012,11.21
9-8-2012,11.21
9-9-2012,11.25
9-10-2012,11.25
9-11-2012,11.25
9-12-2012,11.26
9-13-2012,11.26
9-14-2012,11.62
9-15-2012,11.62
9-16-2012,11.62
9-17-2012,11.6
9-18-2012,12.77
9-19-2012,12.77
9-20-2012,12.55
9-21-2012,12.37
9-22-2012,12.37
9-23-2012,12.41
9-24-2012,12.41
9-26-2012,11.98
9-27-2012,12
9-28-2012,12
9-29-2012,12
9-30-2012,12.08
10-1-2012,12.08
10-3-2012,12.08
10-4-2012,12.1
10-5-2012,12.14
10-7-2012,12.14
10-8-2012,12.14
10-9-2012,12.14
10-10-2012,12.16
10-11-2012,12.16
10-12-2012,12.15
10-13-2012,12.15
10-14-2012,11.99
10-15-2012,11.99
10-16-2012,11.98
10-17-2012,12.85
10-18-2012,12.65
10-19-2012,12.65
10-20-2012,12.65
10-21-2012,12.67
10-22-2012,13.33
10-23-2012,13.43
10-24-2012,14.52
10-25-2012,14.56
10-26-2012,14.56
10-27-2012,14.56
10-28-2012,14.63
10-29-2012,14.08
10-30-2012,14.08
10-31-2012,14.07
11-1-2012,14.6
11-2-2012,14.6
11-3-2012,14.6
11-4-2012,14.04
11-5-2012,14.06
11-6-2012,13.97
11-7-2012,15.13
11-8-2012,15.13
11-9-2012,14.89
11-10-2012,14.89
11-11-2012,14.89
11-12-2012,14.93
11-13-2012,14.93
11-14-2012,14.91
11-15-2012,15.07
11-16-2012,15.07
11-17-2012,15.07
11-18-2012,15.07
11-19-2012,15.52
11-20-2012,15.53
11-21-2012,15.52
11-22-2012,17.47
11-23-2012,16.56
11-24-2012,16.56
11-25-2012,16.54
11-26-2012,16.59
11-27-2012,16.56
11-28-2012,16.56
11-29-2012,16.5
11-30-2012,16.5
12-1-2012,16.5
12-2-2012,16.5
12-3-2012,17.11
12-4-2012,17.11
12-5-2012,17.25
12-6-2012,17.53
12-7-2012,16.48
12-8-2012,16.48
12-9-2012,17.47
12-10-2012,17.48
12-11-2012,17.29
12-12-2012,17.26
12-13-2012,17.26
12-14-2012,17.26
12-15-2012,17.26
12-16-2012,17.26
12-17-2012,17.26
12-18-2012,17.25
12-19-2012,17.21
12-20-2012,17.19
12-21-2012,17.19
12-22-2012,17.19
12-24-2012,17.19
12-25-2012,17.08
12-26-2012,17.37
12-27-2012,17.39
12-28-2012,17.43
12-29-2012,17.43
12-30-2012,17.43
12-31-2012,17.43
1-1-2013,17.32
1-2-2013,17.27
1-3-2013,17.61
1-4-2013,17.72
1-5-2013,17.72
1-6-2013,17.72
1-8-2013,17.7
1-9-2013,17.49
1-10-2013,17.46
1-11-2013,17.45
1-12-2013,17.45
1-13-2013,17.46
1-14-2013,17.42
1-15-2013,17.42
1-16-2013,17.56
1-17-2013,17.51
1-18-2013,17.52
1-19-2013,17.52
1-20-2013,17.52
1-21-2013,17.52
1-22-2013,17.59
1-23-2013,17.59
1-24-2013,18.73
1-25-2013,18.73
1-26-2013,18.73
1-27-2013,18.73
1-28-2013,18.73
1-29-2013,18.69
1-30-2013,18.69
1-31-2013,18.69
2-1-2013,18.71
2-2-2013,18.71
2-3-2013,18.71
2-4-2013,18.83
2-5-2013,18.84
2-6-2013,20.19
2-7-2013,20.1
2-8-2013,26.62
2-9-2013,26.62
2-10-2013,20.58
2-11-2013,22.31
2-12-2013,22.03
2-14-2013,21.75
2-16-2013,21.79
2-18-2013,21.33
2-19-2013,21.52
2-20-2013,21.34
2-21-2013,21.66
2-22-2013,21.74
2-23-2013,21.74
2-24-2013,21.84
4-21-2013,24.18
4-22-2013,23.94
4-23-2013,23.62
4-24-2013,23.57
4-25-2013,24.74
4-26-2013,25.48
4-27-2013,25.48
4-28-2013,25.48
4-29-2013,25.42
4-30-2013,25.35
5-1-2013,25.4
5-2-2013,25.17
5-3-2013,25.15
5-4-2013,25.15
5-5-2013,25.17
5-6-2013,25.1
5-7-2013,26.11
5-8-2013,26.18
5-9-2013,26.21
5-10-2013,26.15
5-11-2013,26.15
5-12-2013,26.15
5-13-2013,26.6
5-14-2013,26.26
5-15-2013,26.36
5-16-2013,26.28
5-17-2013,26.67
5-18-2013,26.67
5-19-2013,26.66
5-20-2013,26.73
5-21-2013,26.78
5-22-2013,26.85
5-23-2013,27.04
5-24-2013,27.24
5-25-2013,27.24
5-26-2013,27.25
5-27-2013,27.31
5-28-2013,27.54
5-29-2013,28.37
5-30-2013,28.25
5-31-2013,28.43
6-1-2013,28.43
6-2-2013,28.47
6-3-2013,28.37
6-4-2013,28.32
6-5-2013,28.4
6-6-2013,29.84
6-7-2013,31.12
6-8-2013,31.12
6-9-2013,31.22
6-10-2013,31.16
6-11-2013,31.25
6-12-2013,31.16
6-13-2013,31.02
6-14-2013,30.89
6-15-2013,30.89
6-16-2013,30.89
6-17-2013,30.94
6-18-2013,31.25
6-19-2013,31.16
6-20-2013,31.71
6-21-2013,31.93
6-22-2013,31.93
6-23-2013,31.93
6-24-2013,31.81
6-25-2013,31.61
6-26-2013,31.48
6-27-2013,31.52
6-28-2013,31.47
6-29-2013,31.65
6-30-2013,31.65
7-1-2013,31.5
7-2-2013,31.45
7-3-2013,31.48
7-4-2013,31.39
7-5-2013,31.61
7-6-2013,31.61
7-7-2013,31.6
7-8-2013,31.6
7-9-2013,32.62
7-10-2013,32.58
7-11-2013,32.36
7-12-2013,32.26
7-13-2013,32.26
7-14-2013,32.25
7-15-2013,32.16
7-16-2013,31.84
7-17-2013,31.24
7-18-2013,30.41
7-19-2013,31.91
7-20-2013,31.91
7-21-2013,31.91
7-22-2013,31.36
7-23-2013,31.5
7-24-2013,31.54
7-25-2013,31.46
7-26-2013,31.46
7-27-2013,31.46
7-28-2013,31.46
7-29-2013,31.5
7-30-2013,31.48
7-31-2013,31.62
8-1-2013,31.68
8-2-2013,31.49
8-3-2013,31.49
8-4-2013,31.51
8-5-2013,31.49
8-6-2013,31.34
8-7-2013,31.35
8-8-2013,31.29
8-9-2013,33.46
8-10-2013,33.46
8-11-2013,33.53
8-12-2013,34.62
8-13-2013,34.84
8-14-2013,36.2
8-15-2013,36.53
8-16-2013,36.75
8-17-2013,36.75
8-18-2013,36.7
8-19-2013,36.8
8-20-2013,36.31
8-21-2013,36.33
8-22-2013,36.24
8-23-2013,36.05
8-24-2013,36.05
8-25-2013,36.05
8-26-2013,36.37
8-27-2013,37.32
8-28-2013,37.32
8-29-2013,37.41
8-30-2013,37.36
8-31-2013,37.36
9-1-2013,37.36
9-2-2013,37.24
9-3-2013,37.49
9-4-2013,38.83
9-5-2013,38.95
9-6-2013,40.62
9-7-2013,40.62
9-8-2013,40.64
9-9-2013,39.74
9-10-2013,39.5
9-11-2013,41.77
9-12-2013,41.73
9-13-2013,44.55
9-14-2013,44.55
9-15-2013,44.55
9-16-2013,44.66
9-17-2013,44.59
9-18-2013,44.36
9-19-2013,43.94
9-20-2013,43.97
9-21-2013,43.97
9-22-2013,44.13
9-23-2013,40.22
9-24-2013,41.1
9-25-2013,41.18
9-26-2013,41.36
9-27-2013,41.67
9-28-2013,42.59
9-29-2013,42.59
9-30-2013,42.47
10-1-2013,42.12
10-2-2013,41.92
10-3-2013,42
10-4-2013,41.92
10-5-2013,41.92
10-6-2013,44.94
10-7-2013,46.02
10-8-2013,44.8
10-9-2013,45.07
10-10-2013,44.93
10-11-2013,44.92
10-12-2013,44.92
10-13-2013,46.01
10-14-2013,47.05
10-15-2013,47.07
10-16-2013,47.02
10-17-2013,47.02
10-18-2013,47.95
10-19-2013,47.95
10-20-2013,47.88
10-21-2013,48.08
10-22-2013,47.92
10-23-2013,49.26
10-24-2013,53.51
10-25-2013,53.43
10-26-2013,53.43
10-27-2013,53.43
10-28-2013,54.44
10-29-2013,54.42
10-30-2013,56.49
10-31-2013,56.71
11-1-2013,59.42
11-2-2013,59.42
11-3-2013,59.42
11-4-2013,58.24
11-5-2013,58.71
11-6-2013,58.59
11-7-2013,59.52
11-8-2013,59.61
11-9-2013,60.88
11-10-2013,61.03
11-11-2013,60
11-12-2013,62.16
11-13-2013,63.97
11-14-2013,64.06
11-15-2013,61
11-16-2013,61
11-17-2013,61
11-18-2013,59.21
11-19-2013,54.97
11-20-2013,56.77
11-21-2013,60.18
11-22-2013,62.09
11-23-2013,62.09
11-24-2013,62.09
11-25-2013,60.12
11-26-2013,62.03
11-27-2013,62.03
11-28-2013,62.03
11-29-2013,62.19
11-30-2013,62.19
12-1-2013,62.25
12-2-2013,62.25
12-3-2013,64.61
12-4-2013,64.74
12-5-2013,64.42
12-6-2013,64.19
12-7-2013,64.19
12-8-2013,64.26
12-9-2013,64.23
12-10-2013,64.26
12-11-2013,64.26
12-12-2013,64.26
12-13-2013,64.13
12-14-2013,64.13
12-15-2013,64.1
12-16-2013,64.26
12-17-2013,64.52
12-18-2013,64.55
12-20-2013,64.23
12-21-2013,64.23
12-22-2013,64.26
12-23-2013,63.94
12-24-2013,63.9
12-25-2013,63.97
12-26-2013,63.84
12-27-2013,64
12-28-2013,64
12-29-2013,64.13
12-30-2013,64.13
12-31-2013,64.1
1-1-2014,64.13
1-2-2014,64.52
1-3-2014,64.42
1-4-2014,64.42
1-5-2014,64.42
1-6-2014,64.39
1-7-2014,64.1
1-8-2014,64.23
1-9-2014,66.4
1-10-2014,66.1
1-11-2014,66.1
1-12-2014,66.1
1-13-2014,68.45
1-14-2014,68.76
1-15-2014,74.11
1-16-2014,74.41
1-17-2014,74.93
1-18-2014,72.25
1-19-2014,72.25
1-20-2014,72.29
1-21-2014,73.07
1-22-2014,78.73
1-23-2014,76.48
1-24-2014,76.19
1-25-2014,76.19
1-26-2014,76.22
1-27-2014,76.59
1-28-2014,79.31
1-29-2014,79.54
1-30-2014,79.69
1-31-2014,79.88
2-1-2014,79.88
2-2-2014,80
2-3-2014,81.27
2-4-2014,80.69
2-5-2014,81.19
2-6-2014,81.08
2-7-2014,81.15
2-8-2014,81.15
2-9-2014,81.15
2-10-2014,81.23
2-11-2014,84.04
2-12-2014,87.08
2-13-2014,87.12
2-14-2014,86.88
2-15-2014,86.88
2-16-2014,87
2-17-2014,86.25
2-18-2014,87.12
2-19-2014,87.92
2-20-2014,87.75
2-21-2014,87.71
2-22-2014,87.71
2-23-2014,87.62
2-24-2014,87.67
2-25-2014,87.75
2-26-2014,88.21
2-28-2014,86
3-1-2014,84.28
3-2-2014,84.32
3-3-2014,81.31
3-4-2014,81.15
3-5-2014,80.81
3-6-2014,80.46
3-7-2014,80.54
3-8-2014,80.54
3-9-2014,80.31
3-10-2014,80.88
3-11-2014,78.04
3-12-2014,78.11
3-13-2014,75.36
3-14-2014,75.18
3-15-2014,75.18
3-16-2014,72.69
3-17-2014,73.54
3-18-2014,69.73
3-19-2014,66.84
3-20-2014,64.19
3-21-2014,57.06
3-22-2014,57.86
3-23-2014,57.86
3-24-2014,58.63
3-25-2014,72.82
3-26-2014,77.88
3-27-2014,67.47
3-28-2014,65.29
3-29-2014,67.47
3-30-2014,67.5
3-31-2014,70.03
4-1-2014,69.69
4-2-2014,66.36
4-3-2014,66.36
4-4-2014,67
4-5-2014,67.63
4-6-2014,67.67
4-7-2014,67.1
4-8-2014,66.87
4-9-2014,66.87
4-10-2014,66.47
4-11-2014,66.53
4-12-2014,66.53
4-13-2014,66.53
4-14-2014,66.8
4-15-2014,67.1
4-16-2014,64.71
4-17-2014,64.77
4-18-2014,64.74
4-19-2014,64.74
4-20-2014,64.74
4-21-2014,66.57
4-22-2014,66.97
4-23-2014,67.07
4-24-2014,67.2
4-25-2014,67.43
4-26-2014,67.43
4-27-2014,67.43
4-28-2014,68.37
4-29-2014,69.41
4-30-2014,69.48
5-1-2014,69.24
5-2-2014,69.14
5-3-2014,69.14
5-4-2014,69.48
5-5-2014,68.93
5-6-2014,68.86
5-7-2014,68.66
5-8-2014,68.17
5-9-2014,73.3
5-10-2014,73.3
5-11-2014,73.3
5-12-2014,73.74
5-13-2014,71.46
5-14-2014,74.07
5-15-2014,74.3
5-16-2014,75.58
5-17-2014,75.58
5-18-2014,75.58
5-19-2014,72.69
5-20-2014,72.69
5-21-2014,71.14
5-22-2014,69.51
5-23-2014,70.93
5-24-2014,70.93
5-25-2014,70.96
5-26-2014,70.93
5-27-2014,71.18
5-28-2014,70.93
5-29-2014,70.79
5-30-2014,70.46
5-31-2014,70.46
6-1-2014,70.5
6-2-2014,70.57
6-3-2014,70.5
6-4-2014,70.54
6-5-2014,70.29
6-6-2014,70
6-7-2014,70
6-8-2014,70.04
6-9-2014,70
6-10-2014,69.96
6-11-2014,71.24
6-12-2014,72.33
6-13-2014,72.41
6-14-2014,72.41
6-15-2014,72.44
6-16-2014,72.67
6-17-2014,71.93
6-18-2014,72.89
6-19-2014,72.56
6-20-2014,72.52
6-21-2014,72.52
6-22-2014,72.56
6-23-2014,72.48
6-24-2014,72.78
6-25-2014,72.67
6-26-2014,72.52
6-27-2014,72.41
6-28-2014,72.41
6-29-2014,72.44
6-30-2014,72.37
7-1-2014,68.18
7-2-2014,70.29
7-3-2014,70
7-4-2014,69.96
7-5-2014,69.96
7-6-2014,69.6
7-7-2014,71.37
7-8-2014,71.41
7-9-2014,72.98
7-10-2014,74.42
7-11-2014,77.41
7-12-2014,77.41
7-13-2014,77.49
7-14-2014,77.73
7-15-2014,79.56
7-16-2014,79.6
7-17-2014,82.83
7-18-2014,80.41
7-19-2014,80.2
7-20-2014,80.2
7-21-2014,79.76
7-22-2014,74.65
7-23-2014,74.62
7-24-2014,76
7-25-2014,76.08
7-26-2014,76.08
7-27-2014,76.08
7-28-2014,76.2
7-29-2014,76.27
7-30-2014,77.1
7-31-2014,77.33
8-1-2014,78.68
8-2-2014,78.68
8-3-2014,78.68
8-4-2014,78.88
8-5-2014,79.44
8-6-2014,79.28
8-7-2014,80.9
8-8-2014,81.06
8-9-2014,81.06
8-10-2014,81.06
8-11-2014,80.61
8-12-2014,80.45
8-13-2014,82.38
8-14-2014,83.87
8-15-2014,82.46
8-16-2014,82.46
8-17-2014,82.46
8-18-2014,82.46
8-19-2014,82.83
8-20-2014,83.67
8-21-2014,83.96
8-22-2014,84.17
8-23-2014,84.17
8-24-2014,84.17
8-25-2014,86.34
8-26-2014,86.17
8-27-2014,87.96
8-28-2014,90.59
8-29-2014,89.82
8-30-2014,87.82
8-31-2014,87.82
9-1-2014,87.82
9-2-2014,88.4
9-3-2014,88.09
9-4-2014,88.4
9-5-2014,90.59
9-6-2014,91.77
9-7-2014,91.77
9-8-2014,92.09
9-9-2014,92.32
9-10-2014,92.91
9-11-2014,96.14
9-12-2014,97.95
9-13-2014,97.95
9-14-2014,97.95
9-15-2014,97.48
9-16-2014,94.74
9-17-2014,93.36
9-18-2014,95.9
9-19-2014,95.52
9-20-2014,95.52
9-21-2014,95.52
9-22-2014,96.76
9-23-2014,97
9-24-2014,97.48
9-25-2014,98.1
9-26-2014,100.68
9-27-2014,100.68
9-28-2014,100.68
9-29-2014,100.93
9-30-2014,100.59
10-1-2014,100.78
10-2-2014,101.53
10-3-2014,101.77
10-4-2014,102.76
10-5-2014,102.76
10-6-2014,100.43
10-7-2014,100.33
10-8-2014,98.65
10-9-2014,98.74
10-10-2014,99.3
10-11-2014,99.3
10-12-2014,99.3
10-13-2014,99.3
10-14-2014,97.75
10-15-2014,97.2
10-16-2014,97.09
10-17-2014,96.64
10-18-2014,98.43
10-19-2014,98.43
10-20-2014,98.93
10-21-2014,98.09
10-22-2014,100.52
10-23-2014,101.63
10-24-2014,102.26
10-25-2014,102.26
10-26-2014,102.26
10-27-2014,102.95
10-28-2014,102.27
10-29-2014,101.69
10-30-2014,102.03
10-31-2014,102.56
11-1-2014,102.56
11-2-2014,102.56
11-3-2014,102.56
11-4-2014,101.8
11-5-2014,102.04
11-6-2014,103.28
11-7-2014,104.12
11-8-2014,104.12
11-9-2014,104.12
11-10-2014,106.2
11-11-2014,107.27
11-12-2014,113.62
11-13-2014,116.43
11-14-2014,121.22
11-15-2014,121.22
11-16-2014,121.22
11-17-2014,121.22
11-18-2014,124.57
11-19-2014,124.46
11-20-2014,124.46
11-21-2014,123.6
11-22-2014,123.6
11-23-2014,123.6
11-24-2014,128.18
11-25-2014,128.41
11-26-2014,137.48
11-27-2014,143.82
11-28-2014,153.66
11-29-2014,153.66
11-30-2014,153.66
12-1-2014,159.02
12-2-2014,158.04
12-3-2014,158.94
12-4-2014,165.38
12-5-2014,174.03
12-6-2014,174.03
12-7-2014,174.03
12-8-2014,174.03
12-9-2014,178.77
12-10-2014,181.23
12-11-2014,180.43
12-12-2014,179.08
12-13-2014,179.08
12-14-2014,179.08
12-15-2014,183.7
12-16-2014,186.09
12-17-2014,182.23
12-18-2014,177.61
12-19-2014,175.99
12-20-2014,175.99
12-21-2014,175.99
12-22-2014,173.71
12-23-2014,173.17
12-24-2014,173.52
12-25-2014,173.52
12-26-2014,174.37
12-27-2014,174.37
12-28-2014,174.37
12-29-2014,172.21
12-30-2014,173.24
12-31-2014,173.24
1-1-2015,173.24
1-2-2015,176.2
1-3-2015,176.2
1-4-2015,176.2
1-5-2015,175.9
1-6-2015,175.1
1-7-2015,178.74
1-8-2015,187.04
1-9-2015,187.19
1-10-2015,187.19
1-11-2015,187.19
1-12-2015,187.19
1-13-2015,179.3
1-14-2015,179.02
1-15-2015,173.66
1-16-2015,175.03
1-18-2015,175.03
1-19-2015,175.03
1-20-2015,174.27
1-21-2015,177.07
1-22-2015,181.68
1-23-2015,184.19
1-24-2015,184.19
1-25-2015,184.19
1-26-2015,184.19
1-27-2015,185.19
1-28-2015,183.7
1-29-2015,186.44
1-31-2015,189.85
2-1-2015,189.85
2-2-2015,187.19
2-3-2015,186.04
2-4-2015,188.05
2-5-2015,188.2
2-6-2015,188.2
2-7-2015,188.2
2-8-2015,188.2
2-9-2015,187.14
2-10-2015,186.49
2-11-2015,190.75
2-12-2015,189.55
2-13-2015,187.59
2-14-2015,187.59
2-15-2015,187.59
2-16-2015,187.59
2-17-2015,189.33
2-18-2015,190.37
2-19-2015,190.15
2-20-2015,189.56
2-21-2015,189.56
2-22-2015,189.56
2-23-2015,195.07
2-24-2015,198.86
2-25-2015,202.56
2-26-2015,213.77
2-27-2015,222.12
2-28-2015,222.12
3-1-2015,222.12
3-2-2015,230.26
3-3-2015,237.35
3-4-2015,264.12
3-5-2015,281.05
3-6-2015,269.3
3-7-2015,240.45
3-8-2015,240.45
3-9-2015,243.04
3-10-2015,245.45
3-11-2015,276.5
3-12-2015,274
3-13-2015,249.46
3-14-2015,249.46
3-15-2015,249.46
3-16-2015,267.43
3-17-2015,267.71
3-18-2015,260.19
3-19-2015,256.45
3-20-2015,253.93
3-21-2015,253.93
3-22-2015,253.93
3-23-2015,253.93
3-24-2015,247.94
3-25-2015,246.48
3-26-2015,247.96
3-27-2015,248.52
3-28-2015,248.52
3-29-2015,248.52
3-30-2015,250.37
3-31-2015,252.59
4-1-2015,245.91
4-2-2015,245.91
4-3-2015,245.91
4-4-2015,245.91
4-5-2015,245.91
4-6-2015,245.19
4-7-2015,249.34
4-8-2015,251.44
4-9-2015,251.83
4-10-2015,258.92
4-11-2015,258.92
4-12-2015,258.92
4-13-2015,266.4
4-14-2015,276.08
4-15-2015,280.11
4-16-2015,275.58
4-17-2015,275.68
4-18-2015,275.68
4-19-2015,275.68
4-20-2015,274.84
4-21-2015,270
4-22-2015,272.08
4-23-2015,275.68
4-24-2015,277.85
4-25-2015,277.85
4-26-2015,277.85
4-27-2015,282.22
4-28-2015,285.57
4-29-2015,288.16
4-30-2015,279.22
5-1-2015,279.22
5-2-2015,279.22
5-3-2015,279.22
5-4-2015,287.27
5-5-2015,278.44
5-6-2015,275.56
5-7-2015,285.86
5-8-2015,288.14
5-9-2015,288.14
5-10-2015,288.14
5-11-2015,287.36
5-12-2015,288.05
5-13-2015,300.72
5-14-2015,305.85
5-15-2015,317.12
5-16-2015,317.12
5-17-2015,317.12
5-18-2015,317.12
5-19-2015,337.53
5-20-2015,350.4
5-21-2015,402
5-22-2015,423.39
5-23-2015,422.54
5-24-2015,422.54
5-25-2015,397.06
5-26-2015,343.12
5-27-2015,366.8
5-28-2015,423.54
5-29-2015,402.35
5-30-2015,402.35
5-31-2015,402.35
6-1-2015,410.9
6-2-2015,419.25
6-3-2015,422.24
6-4-2015,438
6-5-2015,424.41
6-6-2015,424.41
6-7-2015,424.41
6-8-2015,418.26
6-9-2015,415.59
6-10-2015,414.18
6-11-2015,416.72
6-12-2015,416.27
6-13-2015,416.27
6-14-2015,416.27
6-15-2015,416.27
6-16-2015,428.31
6-17-2015,431.54
6-18-2015,441.43
6-19-2015,459.51
6-20-2015,459.51
6-21-2015,459.51
6-22-2015,465.17
6-23-2015,467.5
6-24-2015,470.5
6-25-2015,476.44
6-26-2015,481.86
6-27-2015,481.86
6-28-2015,481.86
6-29-2015,481.86
6-30-2015,484.41
7-1-2015,489.66
7-2-2015,489.15
7-3-2015,501.21
7-4-2015,501.21
7-5-2015,501.21
7-6-2015,523.39
7-7-2015,547.96
7-8-2015,569.04
7-9-2015,611.88
7-10-2015,611.25
7-11-2015,611.25
7-12-2015,611.25
7-13-2015,630.21
7-14-2015,629.15
7-15-2015,621.67
7-16-2015,624.79
7-17-2015,630.62
7-18-2015,630.62
7-19-2015,630.62
7-20-2015,630.62
7-21-2015,633.54
7-22-2015,646.11
7-23-2015,650.11
7-24-2015,683.26
7-25-2015,683.26
7-26-2015,683.26
7-27-2015,682.39
7-28-2015,682.61
7-29-2015,682.61
7-30-2015,677.85
8-1-2015,676.99
8-2-2015,676.99
8-3-2015,686.67
8-4-2015,687.53
8-5-2015,696.77
8-6-2015,691.49
8-7-2015,691.49
8-8-2015,691.49
8-9-2015,691.49
8-10-2015,681.7
8-11-2015,688.94
8-12-2015,687.45
8-13-2015,686.74
8-14-2015,686.74
8-15-2015,686.74
8-17-2015,676.49
8-18-2015,681.03
8-19-2015,686.39
8-20-2015,676.88
8-21-2015,700.99
8-22-2015,703.51
8-23-2015,703.51
8-24-2015,727.63
8-25-2015,724.33
8-26-2015,726.94
8-27-2015,717.35
8-28-2015,696.12
8-29-2015,696.12
8-30-2015,696.12
8-31-2015,698.35
9-1-2015,698.54
9-2-2015,711.63
9-3-2015,706.73
9-4-2015,705.31
9-5-2015,705.31
9-6-2015,705.31
9-7-2015,705.31
9-8-2015,710.82
9-9-2015,703.29
9-10-2015,704.95
9-11-2015,706.5
9-12-2015,704.3
9-13-2015,704.3
9-14-2015,700.3
9-15-2015,708.6
9-16-2015,709.25
9-17-2015,710.56
9-18-2015,718.92
9-19-2015,718.27
9-20-2015,718.27
9-21-2015,730.65
9-22-2015,746.3
9-23-2015,754.57
9-24-2015,763.26
9-25-2015,784.09
9-26-2015,784.09
9-27-2015,784.09
9-28-2015,797.24
9-29-2015,822.59
9-30-2015,823.1
10-1-2015,826.27
10-2-2015,829.02
10-3-2015,829.02
10-4-2015,829.02
10-5-2015,792.14
10-6-2015,767.76
10-7-2015,735.91
10-8-2015,718.44
10-9-2015,718.65
10-10-2015,718.65
10-11-2015,718.65
10-12-2015,718.65
10-13-2015,720.1
10-14-2015,728.89
10-15-2015,723.78
10-16-2015,791.55
10-17-2015,791.55
10-18-2015,791.55
10-19-2015,780.56
10-20-2015,788.73
10-21-2015,808.7
10-22-2015,826.47
10-23-2015,820.6
10-24-2015,820.6
10-25-2015,820.6
10-26-2015,820.59
10-27-2015,820.59
10-28-2015,817.65
10-29-2015,794.29
10-30-2015,785.92
10-31-2015,785.92
11-1-2015,785.92
11-2-2015,785.92
11-3-2015,794.29
11-4-2015,805.8
11-5-2015,814.71
11-6-2015,826.87
11-7-2015,826.87
11-8-2015,826.87
11-9-2015,842.42
11-10-2015,845.45
11-11-2015,848.48
11-12-2015,848.48
11-13-2015,857.58
11-14-2015,857.58
11-15-2015,857.58
11-16-2015,857.58
11-17-2015,857.58
11-19-2015,873.85
11-20-2015,876.92
11-21-2015,876.92
11-22-2015,876.92
11-23-2015,873.85
11-24-2015,887.5
11-25-2015,887.5
11-26-2015,890.62
11-27-2015,890.62
11-28-2015,890.62
11-29-2015,890.62
11-30-2015,893.75
12-1-2015,911.11
12-2-2015,920.63
12-3-2015,920.63
12-4-2015,920.63
12-5-2015,920.63
12-6-2015,920.63
12-7-2015,906.25
12-8-2015,909.38
12-9-2015,886.36
12-10-2015,857.14
12-11-2015,857.14
12-12-2015,857.14
12-13-2015,857.14
12-14-2015,860
12-15-2015,878.26
12-16-2015,878.26
12-17-2015,865.71
12-18-2015,865.71
12-19-2015,865.71
12-20-2015,865.71
12-21-2015,841.67
12-22-2015,841.67
12-23-2015,841.67
12-24-2015,841.67
12-25-2015,841.67
12-26-2015,841.67
12-27-2015,841.67
12-28-2015,836.11
12-29-2015,833.33
12-30-2015,833.33
12-31-2015,833.33
1-1-2016,833.33
1-2-2016,833.33
1-3-2016,833.33
1-4-2016,845.07
1-5-2016,845.07
1-6-2016,838.89
1-7-2016,838.89
1-8-2016,838.89
1-9-2016,838.89
1-10-2016,838.89
1-11-2016,838.89
1-12-2016,859.15
1-13-2016,865.71
1-14-2016,865.71
1-15-2016,865.71
1-16-2016,865.71
1-17-2016,865.71
1-18-2016,878.26
1-19-2016,897.06
1-20-2016,913.43
1-21-2016,927.27
1-22-2016,941.54
1-23-2016,941.54
1-24-2016,941.54
1-25-2016,959.38
1-26-2016,965.62
1-27-2016,965.62
1-28-2016,968.75
1-29-2016,984.13
1-30-2016,984.13
1-31-2016,984.13
2-1-2016,984.13
2-2-2016,996.77
2-3-2016,1003.23
2-4-2016,1016.39
2-5-2016,1016.39
2-6-2016,1016.39
2-7-2016,1016.39
2-8-2016,1016.39
2-9-2016,1016.39
2-10-2016,1026.23
2-11-2016,1026.23
2-12-2016,1026.23
2-13-2016,1026.23
2-14-2016,1026.23
2-15-2016,1029.03
2-16-2016,1029.03
2-17-2016,1045.9
2-18-2016,1045.9
2-19-2016,1045.9
2-20-2016,1045.9
2-21-2016,1045.9
2-22-2016,1060
2-23-2016,1060
2-24-2016,1071.19
2-25-2016,1089.66
2-26-2016,1089.66
2-27-2016,1089.66
2-28-2016,1089.66
2-29-2016,1089.66
3-1-2016,1093.1
3-2-2016,1093.1
3-3-2016,1093.1
3-4-2016,1105.26
3-5-2016,1105.26
3-6-2016,1105.26
3-7-2016,1125
3-8-2016,1145.45
3-9-2016,1184.91
3-10-2016,1211.54
3-11-2016,1211.54
3-12-2016,1211.54
3-13-2016,1211.54
3-14-2016,1211.54
3-15-2016,1211.54
3-16-2016,1211.54
3-17-2016,1211.54
3-18-2016,1211.54
3-19-2016,1211.54
3-20-2016,1211.54
3-21-2016,1211.54
3-22-2016,1211.54
3-23-2016,1171.15
3-24-2016,1171.15
3-25-2016,1171.15
3-26-2016,1171.15
3-27-2016,1171.15
3-28-2016,1171.15
3-29-2016,1171.15
3-30-2016,1150
3-31-2016,1172.55
4-1-2016,1172.55
4-2-2016,1172.55
4-3-2016,1172.55
4-4-2016,1125.49
4-5-2016,1164.71
4-6-2016,1142.31
4-7-2016,1142.31
4-8-2016,1142.31
4-9-2016,1142.31
4-10-2016,1142.31
4-11-2016,1142.31
4-12-2016,1138.46
4-13-2016,1138.46
4-14-2016,1134.62
4-15-2016,1134.62
4-16-2016,1134.62
4-17-2016,1134.62
4-18-2016,1136.54
4-19-2016,1136.54
4-20-2016,1111.54
4-21-2016,1111.54
4-22-2016,1111.54
4-23-2016,1115.38
4-24-2016,1115.38
4-25-2016,1126.92
4-26-2016,1126.92
4-27-2016,1126.92
4-28-2016,1115.38
4-29-2016,1115.38
4-30-2016,1115.38
5-1-2016,1115.38
5-2-2016,1115.38
5-3-2016,1096.15
5-4-2016,1096.15
5-5-2016,1096.15
5-6-2016,1109.62
5-7-2016,1109.62
5-8-2016,1109.62
5-9-2016,1109.62
5-10-2016,1113.46
5-11-2016,1090.57
5-12-2016,1090.57
5-13-2016,1096.15
5-14-2016,1096.15
5-15-2016,1096.15
5-16-2016,1096.15
5-17-2016,1075.47
5-18-2016,1075.47
5-19-2016,1098.11
5-20-2016,1050.91
5-21-2016,1050.91
5-22-2016,1050.91
5-23-2016,1050.91
5-24-2016,1032.69
5-25-2016,1032.69
5-26-2016,1014.04
5-27-2016,999.87
5-28-2016,999.87
5-29-2016,999.87
5-30-2016,999.87
5-31-2016,1017.54
6-1-2016,996.55
6-2-2016,996.55
6-3-2016,996.55
6-6-2016,996.55
6-7-2016,998.28
6-9-2016,996.55
6-11-2016,1055.56
6-14-2016,1055.56
6-15-2016,1055.56
6-16-2016,1094.34
6-17-2016,1094.34
6-18-2016,1094.34
6-19-2016,1094.34
6-20-2016,1094.34
6-21-2016,1079.63
6-22-2016,1079.63
6-23-2016,1065.45
6-24-2016,1043.64
6-25-2016,1043.64
6-26-2016,1043.64
6-27-2016,1047.27
6-28-2016,1047.27
6-30-2016,1043.64
7-1-2016,1040
7-2-2016,1040
7-3-2016,1040
7-4-2016,1037.78
7-5-2016,1035.37
7-6-2016,1036.87
7-7-2016,1033.56
7-8-2016,1030.85
7-9-2016,1030.85
7-10-2016,1030.85
7-11-2016,1021.57
7-12-2016,1016.74
7-13-2016,1015.03
7-14-2016,1014.35
7-15-2016,1010.65
7-16-2016,1010.65
7-17-2016,1010.65
7-18-2016,1007.24
7-19-2016,1009.67
7-20-2016,1005.87
7-21-2016,1006.34
7-22-2016,1007.63
7-23-2016,1007.63
7-24-2016,1007.63
7-25-2016,1010.82
7-26-2016,1010.82
7-27-2016,1010.82
7-28-2016,1008.32
7-29-2016,1005.74
7-30-2016,1005.74
7-31-2016,1005.74
8-1-2016,1003.63
8-2-2016,1001.85
8-3-2016,999.65
8-4-2016,1003.26
8-5-2016,1003.26
8-6-2016,1003.26
8-7-2016,1003.26
8-8-2016,1006.35
8-9-2016,1008.52
8-10-2016,1008.52
8-11-2016,1009.36
8-12-2016,1011.95
8-13-2016,1011.95
8-14-2016,1011.95
8-15-2016,1011.95
8-16-2016,1007.63
8-17-2016,1009.14
8-18-2016,1010.88
8-19-2016,1008.39
8-20-2016,1008.39
8-21-2016,1008.39
8-22-2016,1011.87
8-23-2016,1015.49
8-24-2016,1018.73
8-25-2016,1016.39
8-26-2016,1021.87
8-27-2016,1021.87
8-28-2016,1021.87
8-29-2016,1020.61
8-30-2016,1025.96
8-31-2016,1028.85
9-1-2016,1022.98
9-2-2016,1020.84
9-3-2016,1020.84
9-4-2016,1020.84
9-5-2016,1018.78
9-6-2016,1021.74
9-7-2016,1024.93
9-8-2016,1022.84
9-9-2016,1025.39
9-10-2016,1025.39
9-11-2016,1025.39
9-12-2016,1024.89
9-13-2016,1022.87
9-14-2016,1025.63
9-15-2016,1024.84
9-16-2016,1026.13
9-17-2016,1026.13
9-18-2016,1026.13
9-19-2016,1012.63
9-20-2016,1010.29
9-21-2016,1008.16
9-22-2016,1010.21
9-23-2016,1017.34
9-24-2016,1017.34
9-25-2016,1017.34
9-26-2016,1035.72
9-27-2016,1052.76
9-28-2016,1061.79
9-29-2016,1070.85
9-30-2016,1078.34
10-1-2016,1078.34
10-2-2016,1078.34
10-3-2016,1084.63
10-4-2016,1084.63
10-5-2016,1082.78
10-6-2016,1087.62
10-7-2016,1092.73
10-8-2016,1092.73
10-9-2016,1092.73
10-10-2016,1103.76
10-11-2016,1118.69
10-12-2016,1134.93
10-13-2016,1146.28
10-14-2016,1167.49
10-15-2016,1167.49
10-16-2016,1167.49
10-17-2016,1178.51
10-18-2016,1189.34
10-19-2016,1197.78
10-20-2016,1204.78
10-21-2016,1209.81
10-22-2016,1209.81
10-23-2016,1209.81
10-24-2016,1221.87
10-25-2016,1262.31
10-26-2016,1327.08
10-27-2016,1385.52
10-28-2016,1417.23
10-29-2016,1417.23
10-30-2016,1417.23
10-31-2016,1501.17
11-1-2016,1567.35
11-2-2016,1604.82
11-3-2016,1682.12
11-4-2016,1758.23
11-5-2016,1758.23
11-6-2016,1758.23
11-7-2016,1756.91
11-8-2016,1821.61
11-9-2016,1844.02
11-10-2016,1883.25
11-11-2016,1905.98
11-12-2016,1905.98
11-13-2016,1905.98
11-14-2016,1905.98
11-15-2016,1911.02
11-16-2016,1922.87
11-17-2016,1952.11
11-18-2016,1967.69
11-19-2016,1967.69
11-20-2016,1967.69
11-21-2016,2192.65
11-22-2016,2301.72
11-23-2016,2474.23
11-24-2016,2752.89
11-25-2016,2971.62
11-26-2016,2971.62
11-27-2016,2971.62
11-28-2016,3687.51
11-29-2016,3986.48
11-30-2016,4538.46
12-1-2016,4587.73
12-2-2016,4402.55
12-3-2016,4402.55
12-4-2016,4402.55
12-5-2016,4138.89
12-6-2016,4242.86
12-7-2016,4261.35
12-8-2016,4265.62
12-9-2016,4254.11
12-10-2016,4254.11
12-11-2016,4254.11
12-12-2016,3980.51
12-13-2016,3570.74
12-14-2016,3105.11
12-15-2016,2480.52
12-16-2016,2504.11
12-17-2016,2507.09
12-18-2016,2507.09
12-19-2016,2650.75
12-20-2016,2718.37
12-21-2016,2751.22
12-22-2016,2755.72
12-23-2016,2802.47
12-24-2016,2802.47
12-25-2016,2802.47
12-26-2016,2851.07
12-27-2016,2923.54
12-28-2016,2875.43
12-29-2016,3107.73
12-30-2016,3164.72
12-31-2016,3164.72
1-1-2017,3164.72
1-2-2017,3207.54
1-3-2017,3209.78
1-4-2017,3190.75
1-5-2017,3250.22
1-6-2017,3348.36
1-7-2017,3348.36
1-8-2017,3348.36
1-9-2017,3355.23
1-10-2017,3351.73
1-11-2017,3353.11
1-12-2017,3401.44
1-13-2017,3510.54
1-14-2017,3510.54
1-15-2017,3510.54
1-16-2017,3607.05
1-17-2017,3723.41
1-18-2017,3755.22
1-19-2017,3751.62
1-20-2017,3753.01
1-21-2017,3753.01
1-22-2017,3753.01
1-23-2017,3751.11
1-24-2017,3680.51
1-25-2017,3684.31
1-26-2017,3652.07
1-27-2017,3650.02
1-28-2017,3650.02
1-29-2017,3650.02
1-30-2017,3541.36
1-31-2017,3545.01
2-1-2017,3551.62
2-2-2017,3322.55
2-3-2017,3323.02
2-4-2017,3323.02
2-5-2017,3323.02
2-6-2017,3376.4
2-7-2017,3451.62
2-8-2017,3581.77
2-9-2017,3640.29
2-10-2017,3720.12
2-11-2017,3720.12
2-12-2017,3720.12
2-13-2017,3820.83
2-14-2017,3910.74
2-15-2017,4105.15
2-16-2017,4190.89
2-17-2017,4229.94
2-18-2017,4229.94
2-19-2017,4229.94
2-20-2017,4276.64
2-21-2017,4285.18
2-22-2017,4325.1
2-23-2017,4327.82
2-24-2017,4329.11
2-25-2017,4329.11
2-26-2017,4329.11
2-27-2017,4329.11
2-28-2017,4329.11
3-1-2017,4334.41
3-2-2017,4339.77
3-3-2017,4158.77
3-4-2017,4158.77
3-5-2017,4158.77
3-6-2017,3962.86
3-7-2017,3879.78
3-8-2017,3690.28
3-9-2017,3430.87
3-10-2017,3209.13
3-11-2017,3209.13
3-12-2017,3209.13
3-13-2017,2930.74
3-14-2017,2804.61
3-15-2017,2770.84
3-16-2017,2777.69
3-17-2017,2772.62
3-18-2017,2772.62
3-19-2017,2772.62
3-20-2017,2807.54
3-21-2017,2803.11
3-22-2017,2905.76
3-23-2017,3014.02
3-24-2017,3009.81
3-25-2017,3009.81
3-26-2017,3009.81
3-27-2017,3063.18
3-28-2017,3098.32
3-29-2017,3203.62
3-30-2017,3451.74
3-31-2017,3790.81
4-1-2017,3790.81
4-2-2017,3790.81
4-3-2017,3709.63
4-4-2017,4097.56
4-5-2017,4201.62
4-6-2017,4304.73
4-7-2017,4407.51
4-8-2017,4407.51
4-9-2017,4407.51
4-10-2017,4411.22
4-11-2017,4411.82
4-12-2017,4412.01
4-13-2017,4412.01
4-14-2017,4412.01
4-15-2017,4412.01
4-16-2017,4412.01
4-17-2017,4412.85
4-18-2017,4507.63
4-19-2017,4601.57
4-20-2017,4708.77
4-21-2017,4711.73
4-22-2017,4711.73
4-23-2017,4711.73
4-24-2017,4908.73
4-25-2017,4871.62
4-26-2017,4512.33
4-27-2017,4280.72
4-28-2017,4283.17
4-29-2017,4283.17
4-30-2017,4283.17
5-1-2017,4283.17
5-2-2017,4608.75
5-3-2017,4907.63
5-4-2017,4989.07
5-5-2017,5105.71
5-6-2017,5105.71
5-7-2017,5105.71
5-8-2017,5113.87
5-9-2017,5117.11
5-10-2017,5118.09
5-11-2017,5201.87
5-12-2017,5383.11
5-13-2017,5383.11
5-14-2017,5383.11
5-15-2017,5411.73
5-16-2017,5507.83
5-17-2017,5711.53
5-18-2017,5801.55
5-19-2017,5807.58
5-20-2017,5807.58
5-21-2017,5807.58
5-22-2017,5851.63
5-23-2017,5890.73
5-24-2017,5907.87
5-25-2017,5980.75
5-26-2017,6079.87
5-27-2017,6079.87
5-28-2017,6079.87
5-29-2017,6079.87
5-30-2017,6081.67
5-31-2017,6108.97
6-1-2017,6112.88
6-2-2017,6205.98
6-3-2017,6205.98
6-4-2017,6205.98
6-5-2017,6308.62
6-6-2017,6480.63
6-7-2017,6540.93
6-8-2017,6780.93
6-9-2017,7107.86
6-10-2017,7107.86
6-11-2017,7107.86
6-12-2017,7297.07
6-13-2017,7480.97
6-14-2017,7711.14
6-15-2017,8104.71
6-16-2017,8287.53
6-17-2017,8287.53
6-18-2017,8287.53
6-19-2017,8291.47
6-20-2017,8292.84
6-21-2017,8293.89
6-22-2017,8301.71
6-23-2017,8301.71
6-24-2017,8301.71
6-25-2017,8301.71
6-26-2017,8284.17
6-27-2017,7980.67
6-28-2017,7984.07
6-29-2017,7873.05
6-30-2017,7780.95
7-1-2017,7780.95
7-2-2017,7780.95
7-3-2017,7780.95
7-4-2017,7690.63
7-5-2017,7678.93
7-6-2017,7674.09
7-7-2017,7672.81
7-8-2017,7672.81
7-9-2017,7672.81
7-10-2017,7671.97
7-11-2017,7960.55
7-12-2017,8109.99
7-13-2017,8460.87
7-14-2017,8493.97
7-15-2017,8493.97
7-16-2017,8493.97
7-17-2017,8481.07
7-18-2017,8470.74
7-19-2017,8469.87
7-20-2017,8469.87
7-21-2017,8790.84
7-22-2017,8790.84
7-23-2017,8790.84
7-24-2017,8820.52
7-25-2017,8917.51
7-26-2017,9390.95
7-27-2017,9787.79
7-28-2017,10389.79
7-29-2017,10389.79
7-30-2017,10389.79
7-31-2017,11185.95
8-1-2017,12197.74
8-2-2017,14760.89
8-3-2017,17980.95
8-4-2017,18982.93
8-5-2017,18982.93
8-6-2017,18982.93
8-7-2017,16480.17
8-8-2017,13077.01
8-9-2017,10387.55
8-10-2017,10987.97
8-11-2017,12163.68
8-12-2017,12163.68
8-13-2017,12163.68
8-14-2017,12894.75
8-15-2017,14158.47
8-16-2017,15445.07
8-17-2017,15501.81
8-18-2017,16256.74
8-19-2017,16256.74
8-20-2017,16256.74
8-21-2017,16280.05
8-22-2017,16840.75
8-23-2017,16845.07
8-24-2017,16850.47
8-25-2017,16857.52
8-26-2017,16857.52
8-27-2017,16857.52
8-28-2017,16891.95
8-29-2017,17562.56
8-30-2017,17662.73
8-31-2017,17730.85
9-1-2017,18470.97
9-2-2017,18470.97
9-3-2017,18470.45
9-4-2017,19105.45
9-5-2017,19490.97
9-6-2017,19870.85
9-7-2017,20192.95
9-8-2017,21105.95
9-9-2017,21105.95
9-10-2017,21105.95
9-11-2017,21105.95
9-12-2017,21790.95
9-13-2017,22430.65
9-14-2017,23218.54
9-15-2017,23744.63
9-16-2017,23744.63
9-17-2017,23744.63
9-18-2017,24431.56
9-19-2017,25237.02
9-20-2017,23786.68
9-21-2017,22938.23
9-22-2017,22337.22
9-23-2017,22337.22
9-24-2017,22337.22
9-25-2017,23781.34
9-26-2017,25128.56
9-27-2017,27051.64
9-28-2017,28434.07
9-29-2017,29146.11
9-30-2017,29146.11
10-1-2017,29146.11
10-2-2017,29168.14
10-3-2017,29170.91
10-4-2017,29387.69
10-5-2017,27651.15
10-6-2017,26749.28
10-7-2017,26749.28
10-8-2017,26749.28
10-9-2017,26645.68
10-10-2017,26808.31
10-11-2017,27212.4
10-12-2017,29173.29
10-13-2017,31109.3
10-14-2017,31109.3
10-15-2017,31109.3
10-16-2017,32123.78
10-17-2017,33348.41
10-18-2017,34101.73
10-19-2017,36201.18
10-20-2017,38087.43
10-21-2017,38087.43
10-22-2017,38087.43
10-23-2017,40072.99
10-24-2017,42715.91
10-25-2017,42144.02
10-26-2017,40323.49
10-27-2017,41152.81
10-28-2017,41152.81
10-29-2017,41152.81
10-30-2017,41243.87
10-31-2017,41194.87
11-1-2017,41290.28
11-2-2017,42293.57
11-3-2017,44347.76
11-4-2017,44347.76
11-5-2017,44347.76
11-6-2017,46238.67
11-7-2017,48532.11
11-8-2017,49706.5
11-9-2017,49830.98
11-10-2017,52128.74
11-11-2017,52128.74
11-12-2017,52128.74
11-13-2017,55216.67
11-14-2017,57378.87
11-15-2017,60942.07
11-16-2017,65962.69
11-17-2017,73218.75
11-18-2017,73218.75
11-19-2017,73218.75
11-20-2017,81271.27
11-21-2017,84372.18
11-22-2017,82363.57
11-23-2017,81759.98
11-24-2017,82185.75
11-25-2017,82185.75
11-26-2017,82185.75
11-27-2017,84457.36
11-28-2017,88235.61
11-29-2017,96794.46
11-30-2017,97192.71
12-1-2017,103024.27
12-2-2017,103024.27
12-3-2017,103024.27
12-4-2017,108279.53
12-5-2017,103190.42
12-6-2017,98609.89
12-7-2017,95440.47
12-8-2017,92778.11
12-9-2017,92778.11
12-10-2017,92778.11
12-11-2017,92778.11
12-12-2017,96396.45
12-13-2017,102276.63
12-14-2017,103555.08
12-15-2017,108198.44
12-16-2017,108198.44
12-17-2017,108198.44
12-18-2017,115734.62
12-19-2017,124190.13
12-20-2017,121205.72
12-21-2017,115265.19
12-22-2017,112268.29
12-23-2017,112268.29
12-24-2017,112268.29
12-25-2017,112268.29
12-26-2017,112137.87
12-27-2017,106924.96
12-28-2017,107128.11
12-29-2017,111413.23
12-30-2017,111413.23
12-31-2017,111413.23
1-1-2018,111413.23
1-2-2018,119779.97
1-3-2018,123110.49
1-4-2018,128446.21
1-5-2018,136582.17
1-6-2018,136582.17
1-7-2018,136582.17
1-8-2018,143274.69
1-9-2018,151496.94
1-10-2018,157541.72
1-11-2018,168469.65
1-12-2018,178546.48
1-13-2018,178546.48
1-14-2018,178546.48
1-15-2018,182492.35
1-17-2018,194026.58
1-18-2018,201787.64
1-19-2018,211337.55
1-20-2018,211337.55
1-21-2018,211337.55
1-23-2018,241664.88
1-24-2018,261517.23
1-25-2018,263803.29
1-26-2018,266630.76
1-27-2018,266630.77
1-28-2018,266630.77
1-29-2018,255900.12
1-30-2018,249872.23
1-31-2018,235782.12
2-1-2018,227921.54
2-2-2018,224954.12
2-3-2018,224954.12
2-4-2018,224954.12
2-5-2018,227901.02
2-6-2018,233531.14
2-7-2018,232902.82
2-8-2018,236402.45
2-9-2018,236854.15
2-10-2018,236854.15
2-11-2018,236854.15
2-12-2018,236854.15
2-13-2018,236854.15
2-14-2018,238038.42
2-15-2018,237149.56
2-16-2018,236201.87
2-17-2018,236201.87
2-18-2018,236201.87
2-19-2018,234699.99
2-20-2018,232727.01
2-21-2018,230228.59
2-22-2018,230764.06
2-23-2018,225586.01
2-24-2018,225586.01
2-25-2018,225586.01
2-26-2018,226536.12
2-27-2018,217909.31
2-28-2018,214655.43
3-1-2018,213239.28
3-2-2018,216838.82
3-3-2018,216838.82
3-4-2018,216838.82
3-5-2018,217261.98
3-6-2018,210226.73
3-7-2018,205899.46
3-8-2018,208725.12
3-9-2018,215778.05
3-10-2018,215778.05
3-11-2018,215778.05
3-12-2018,216164.25
3-13-2018,216732.61
3-14-2018,217912.39
3-15-2018,215752.65
3-16-2018,226317.63
3-17-2018,226317.63
3-18-2018,226317.63
3-19-2018,226317.63
3-20-2018,230726.45
3-21-2018,230941.27
3-22-2018,231334.02
3-23-2018,235002.77
3-24-2018,235002.77
3-25-2018,235002.77
3-26-2018,235417.33
3-27-2018,235774.65
3-28-2018,235998.21
3-29-2018,235998.21
3-30-2018,235998.21
3-31-2018,235998.21
4-1-2018,235998.21
4-2-2018,235344.77
4-3-2018,241667.13
4-4-2018,251311.51
4-5-2018,265447.98
4-6-2018,305215.85
4-7-2018,305215.85
4-8-2018,305215.85
4-9-2018,362831.54
4-10-2018,371829.45
4-11-2018,410684.51
4-12-2018,451349.25
4-13-2018,483732.7
4-14-2018,483732.7
4-15-2018,483732.7
4-16-2018,523988.11
4-17-2018,551230.09
4-18-2018,641347.21
4-19-2018,641347.21
4-20-2018,610725.66
4-21-2018,610725.66
4-22-2018,610725.66
4-23-2018,630254.19
4-24-2018,625944.72
4-25-2018,635486.25
4-26-2018,638520.36
4-27-2018,623765.77
4-28-2018,623765.77
4-29-2018,623765.77
4-30-2018,621498.49
5-1-2018,621498.49
5-2-2018,637053.28
5-3-2018,648811.53
5-4-2018,643571.09
5-5-2018,643571.09
5-6-2018,643571.09
5-7-2018,636771.03
5-8-2018,661824.52
5-9-2018,690854.12
5-10-2018,697211.06
5-11-2018,710845.12
5-12-2018,710845.12
5-13-2018,710845.12
5-14-2018,710845.12
5-15-2018,711433.45
5-16-2018,731454.55
5-17-2018,745625.23
5-18-2018,752354.88
5-19-2018,752354.88
5-20-2018,752354.88
5-21-2018,761545.1
5-22-2018,810274.88
5-23-2018,855681.79
5-24-2018,879347.22
5-25-2018,931821.56
5-26-2018,931821.56
5-27-2018,931821.56
5-28-2018,990754.12
5-29-2018,995488.41
5-30-2018,1143564.25
5-31-2018,1253684.21
6-1-2018,1400135.87
6-2-2018,1400135.87
6-3-2018,1400135.87
6-4-2018,1400135.87
6-5-2018,1790422.05
6-6-2018,1887544.51
6-7-2018,2050198.1
6-8-2018,2050345.73
6-9-2018,2050345.73
6-10-2018,2050345.73
6-11-2018,2201543.1
6-12-2018,2250725.22
6-13-2018,2352872.15
6-14-2018,2291385.44
6-15-2018,2298257.33
6-16-2018,2298257.33
6-17-2018,2298257.33
6-18-2018,2299173.25
6-19-2018,2580622.73
6-20-2018,2803495.81
6-21-2018,2902142.35
6-22-2018,2951374.61
6-23-2018,2951374.61
6-24-2018,2951374.61
6-25-2018,2955830.74
6-26-2018,3300248.25
6-27-2018,3402186.33
6-28-2018,3408671.41
6-29-2018,3405751.03
6-30-2018,3405751.03
7-1-2018,3405751.03
7-2-2018,3410625.2
7-3-2018,3408522.61
7-4-2018,3500265.82
7-5-2018,3500265.82
7-6-2018,3498521.75
7-7-2018,3498521.75
7-8-2018,3498521.75
7-9-2018,3495210.45
7-10-2018,3492815.11
7-11-2018,3410269.14
7-12-2018,3411685.2
7-13-2018,3415688.9
7-14-2018,3415688.9
7-15-2018,3415688.9
7-16-2018,3418605.2
7-17-2018,3670551.41
7-18-2018,3721215.3
7-19-2018,3722105
7-20-2018,3619833.2
7-21-2018,3619833.2
7-22-2018,3619833.2
7-23-2018,3525573.02
7-24-2018,3525573.02
7-25-2018,3527060.1
7-26-2018,3525680.85
7-27-2018,3524330.15
7-28-2018,3524330.15
7-29-2018,3524330.15
7-30-2018,3527230.71
7-31-2018,3585674.2
8-1-2018,3602412.11
8-2-2018,3629543.31
8-3-2018,3651266.71
8-4-2018,3651266.71
8-5-2018,3651266.71
8-6-2018,3672105.91
8-7-2018,3678341.65
8-8-2018,3811284.25
8-9-2018,3905812.62
8-10-2018,4101273.51
8-11-2018,4101273.51
8-12-2018,4101273.51
8-13-2018,4205184.2
8-14-2018,4315688.91
8-15-2018,4725940.1
8-16-2018,5409511.25
8-17-2018,5921486.23
8-18-2018,5921486.23
8-19-2018,59.21
8-20-2018,59.21
8-21-2018,65.18
8-22-2018,71.21
8-23-2018,75.32
8-24-2018,83.47
8-25-2018,83.47
8-26-2018,83.47
8-27-2018,84.31
8-28-2018,86.18
8-29-2018,87.35
8-30-2018,86.47
8-31-2018,87.22
9-1-2018,87.22
9-2-2018,87.22
9-3-2018,87.68
9-4-2018,88.09
9-5-2018,90.23
9-6-2018,90.51
9-7-2018,91.64
9-8-2018,91.64
9-9-2018,91.64
9-10-2018,91.64
9-11-2018,92.37
9-12-2018,93.11
9-13-2018,93.21
9-14-2018,92.89
9-15-2018,92.89
9-16-2018,92.89
9-17-2018,92.11
9-18-2018,92.33
9-19-2018,92.07
9-20-2018,92.66
9-21-2018,93.08
9-22-2018,93.08
9-23-2018,93.08
9-24-2018,96.45
9-25-2018,96.3
9-26-2018,97.08
9-27-2018,97.51
9-28-2018,98.06
9-29-2018,98.06
9-30-2018,98.06
10-1-2018,98.56
10-2-2018,99.12
10-3-2018,101.34
10-4-2018,101.5
10-5-2018,102.97
10-6-2018,102.97
10-7-2018,102.97
10-8-2018,103.5
10-9-2018,105.44
10-10-2018,110.31
10-11-2018,115.29
10-12-2018,115.29
10-13-2018,115.29
10-14-2018,115.29
10-15-2018,125.08
10-16-2018,136.05
10-17-2018,147.83
10-18-2018,156.43
10-19-2018,167.36
10-20-2018,167.36
10-21-2018,167.36
10-22-2018,171.34
10-23-2018,175.44
10-24-2018,191.07
10-25-2018,201.15
10-26-2018,212.31
10-27-2018,212.31
10-28-2018,212.31
10-29-2018,230.05
10-30-2018,240.28
10-31-2018,238.79
11-1-2018,235.68
11-2-2018,236.4
11-3-2018,236.4
11-4-2018,236.4
11-5-2018,236.4
11-6-2018,239.81
11-7-2018,242.15
11-8-2018,243.65
11-9-2018,250.74
11-10-2018,250.74
11-11-2018,250.74
11-12-2018,255.24
11-13-2018,255.71
11-14-2018,260.09
11-15-2018,263.35
11-16-2018,270.41
11-17-2018,270.41
11-18-2018,270.41
11-19-2018,280.33
11-20-2018,290.71
11-21-2018,311.29
11-22-2018,318.04
11-23-2018,326.17
11-24-2018,326.17
11-25-2018,326.17
11-26-2018,333.24
11-27-2018,357.42
11-28-2018,376.21
11-29-2018,398.36
11-30-2018,406.15
12-1-2018,406.15
12-2-2018,406.15
12-3-2018,423.54
12-4-2018,466.19
12-5-2018,498.64
12-6-2018,527.15
12-7-2018,530.74
12-8-2018,530.74
12-9-2018,530.74
12-10-2018,550.29
12-11-2018,570.61
12-12-2018,583.23
12-13-2018,601.09
12-14-2018,647.29
12-15-2018,647.29
12-16-2018,647.29
12-17-2018,675.24
12-18-2018,678.35
12-19-2018,683.44
12-20-2018,685.19
12-21-2018,686.73
12-22-2018,686.73
12-23-2018,686.73
12-24-2018,686.73
12-25-2018,686.73
12-26-2018,686.73
12-27-2018,710.54
12-28-2018,730.29
12-29-2018,730.29
12-30-2018,730.29
12-31-2018,730.29
1-1-2019,730.29
1-2-2019,781.28
1-3-2019,810.96
1-4-2019,841.24
1-5-2019,841.24
1-6-2019,841.24
1-7-2019,910.68
1-8-2019,981.35
1-9-2019,1120.17
1-10-2019,1890.12
1-11-2019,2189.47
1-12-2019,2189.47
1-13-2019,2189.47
1-14-2019,2970.47
1-15-2019,3100.18
1-16-2019,3155.68
1-17-2019,2951.98
1-18-2019,2902.87
1-19-2019,2902.87
1-20-2019,2902.87
1-21-2019,2548.14
1-22-2019,2431.52
1-23-2019,2380.61
1-24-2019,2415.77
1-25-2019,2560.86
1-26-2019,2560.86
1-27-2019,2560.86
1-28-2019,3188.62
1-29-2019,3196.12
1-30-2019,2915.88
1-31-2019,2715.41
2-1-2019,2580.25
2-2-2019,2580.25
2-3-2019,2580.25
2-4-2019,2430.78
2-5-2019,2486.25
2-6-2019,2605.01
2-7-2019,2808.33
2-8-2019,3120.46
2-9-2019,3120.46
2-10-2019,3120.46
2-11-2019,3275.24
2-12-2019,3270.6
2-13-2019,3253.47
2-14-2019,3195.15
2-15-2019,3010.47
2-16-2019,3010.47
2-17-2019,3010.47
2-18-2019,3015.58
2-19-2019,3180.42
2-20-2019,3320.74
2-21-2019,3350.24
2-22-2019,3593.78
2-23-2019,3593.78
2-24-2019,3593.78
2-25-2019,3643.78
2-26-2019,3720.11
2-27-2019,3723.14
2-28-2019,3701.12
3-1-2019,3715.41
3-2-2019,3715.41
3-3-2019,3715.41
3-4-2019,3715.41
3-5-2019,3715.41
3-6-2019,3705.98
3-7-2019,3673.74
3-8-2019,3603.44
3-9-2019,3603.44
3-10-2019,3603.44
3-11-2019,3600.84
3-12-2019,3540.33
3-13-2019,3478.14
3-14-2019,3420.88
3-15-2019,3490.39
3-16-2019,3490.39
3-17-2019,3490.39
3-18-2019,3410.47
3-19-2019,3410.47
3-20-2019,3444.14
3-21-2019,3427.24
3-22-2019,3464.89
3-23-2019,3464.89
3-24-2019,3464.89
3-25-2019,3501.36
3-26-2019,3570.21
3-27-2019,3608.85
3-28-2019,3630.59
3-29-2019,3678.14
3-30-2019,3678.14
3-31-2019,3678.14
4-1-2019,3714.87
4-2-2019,3705.51
4-3-2019,3690.66
4-4-2019,3720.8
4-5-2019,3789.66
4-6-2019,3789.66
4-7-2019,3789.66
4-8-2019,3799.14
4-9-2019,3809.11
4-10-2019,4009.47
4-11-2019,4020.37
4-12-2019,4508.06
4-13-2019,4508.06
4-14-2019,4508.06
4-15-2019,4783.15
4-16-2019,4982.71
4-17-2019,4982.71
4-18-2019,4982.71
4-19-2019,4982.71
4-20-2019,4982.71
4-21-2019,4982.71
4-22-2019,5014.72
4-23-2019,5286.41
4-24-2019,5269.68
4-25-2019,5389.22
4-26-2019,5627.63
4-27-2019,5627.63
4-28-2019,5627.63
4-29-2019,5813.74
4-30-2019,6124.24
5-1-2019,6124.24
5-2-2019,6138.22
5-3-2019,6113.34
5-4-2019,6113.34
5-5-2019,6113.34
5-6-2019,6011.61
5-7-2019,6009.44
5-8-2019,5886.15
5-9-2019,5820.21
5-10-2019,5790.21
5-11-2019,5790.21
5-12-2019,5790.21
5-13-2019,5698.53
5-14-2019,5602.74
5-15-2019,5652.97
5-16-2019,5692.45
5-17-2019,5705.94
5-18-2019,5705.94
5-19-2019,5705.94
5-20-2019,5794.14
5-21-2019,5777.33
5-22-2019,5803.43
5-23-2019,5885.22
5-24-2019,5918.43
5-25-2019,5918.43
5-26-2019,5918.43
5-27-2019,5948.63
5-28-2019,6196.51
5-29-2019,6203.11
5-30-2019,6272.33
5-31-2019,6347.31
6-1-2019,6347.31
6-2-2019,6347.31
6-3-2019,6393.12
6-4-2019,6421.02
6-5-2019,6383.11
6-6-2019,6346.65
6-7-2019,6300.98
6-8-2019,6300.98
6-9-2019,6300.98
6-10-2019,6348.24
6-11-2019,6406.73
6-12-2019,6474.44
6-13-2019,6572.21
6-14-2019,6802.83
6-15-2019,6802.83
6-16-2019,6802.83
6-17-2019,6918.32
6-18-2019,7007.15
6-19-2019,7173.39
6-20-2019,7175.44
6-21-2019,7321.54
6-22-2019,7321.54
6-23-2019,7321.54
6-24-2019,7321.54
6-25-2019,7402.11
6-26-2019,7640.61
6-27-2019,7682.64
6-28-2019,7879.54
6-29-2019,7879.54
6-30-2019,7879.54
7-1-2019,7846.31
7-2-2019,7903.34
7-3-2019,7889.32
7-4-2019,7821.44
7-5-2019,7821.44
7-6-2019,7821.44
7-7-2019,7821.44
7-8-2019,7887.02
7-9-2019,7794.91
7-10-2019,7794.91
7-11-2019,7870.29
7-12-2019,8012.71
7-13-2019,8012.71
7-14-2019,8012.71
7-15-2019,8165.44
7-16-2019,9076.22
7-17-2019,9523.03
7-18-2019,9941.1
7-19-2019,10606.33
7-20-2019,10606.33
7-21-2019,10606.33
7-22-2019,10979.33
7-23-2019,11275.12
7-24-2019,11275.12
7-25-2019,11185.04
7-26-2019,11866.45
7-27-2019,11866.45
7-28-2019,11866.45
7-29-2019,11953.29
7-30-2019,12231.03
7-31-2019,12609.74
8-1-2019,13016.84
8-2-2019,13107.55
8-3-2019,13107.55
8-4-2019,13107.55
8-5-2019,13139.32
8-6-2019,13221.1
8-7-2019,13305.31
8-8-2019,13680.81
8-9-2019,13807.52
8-10-2019,13807.52
8-11-2019,13807.52
8-12-2019,14058.12
8-13-2019,14159.22
8-14-2019,14379.22
8-15-2019,14392.21
8-16-2019,14502.32
8-17-2019,14502.32
8-18-2019,14502.32
8-19-2019,15033.49
8-20-2019,15121.33
8-21-2019,16104.12
8-22-2019,16247.12
8-23-2019,16485.54
8-24-2019,16485.54
8-25-2019,16485.54
8-26-2019,16762.11
8-27-2019,18860.31
8-28-2019,20635.41
8-29-2019,23204.77
8-30-2019,25950.42
8-31-2019,25950.42
9-1-2019,25950.42
9-2-2019,26012.82
9-3-2019,26003.72
9-4-2019,21100.41
9-5-2019,20963.11
9-6-2019,21051.03
9-7-2019,21051.03
9-8-2019,21051.03
9-9-2019,21150.02
9-10-2019,22036.01
9-11-2019,22101.21
9-12-2019,22150.02
9-13-2019,21990.33
9-14-2019,21990.33
9-15-2019,21990.33
9-16-2019,21840.31
9-17-2019,21630.12
9-18-2019,21238.02
9-19-2019,20031.03
9-20-2019,20014.73
9-21-2019,20014.73
9-22-2019,20014.73
9-23-2019,20184.82
9-24-2019,20700.12
9-25-2019,21453.42
9-26-2019,21396.02
9-27-2019,21402.71
9-28-2019,21402.71
9-29-2019,21402.71
9-30-2019,21299.21
10-1-2019,20995.42
10-2-2019,20503.63
10-3-2019,20503.63
10-4-2019,20361.43
10-5-2019,20361.43
10-6-2019,20361.43
10-7-2019,20390.17
10-8-2019,20182.54
10-9-2019,20015.74
10-10-2019,19861.06
10-11-2019,19932.04
10-12-2019,19932.04
10-13-2019,19932.04
10-14-2019,19635.41
10-15-2019,19502.21
10-16-2019,19199.06
10-17-2019,19199.06
10-18-2019,19032.49
10-19-2019,19032.49
10-20-2019,19032.49
10-21-2019,18704.02
10-22-2019,18502.64
10-23-2019,18830.2
10-24-2019,20043.33
10-25-2019,21907.81
10-26-2019,21907.81
10-27-2019,21907.81
10-28-2019,25369.28
10-29-2019,25903.37
10-30-2019,26388.02
10-31-2019,24754.32
11-1-2019,21003.72
11-2-2019,21003.72
11-3-2019,21003.72
11-4-2019,23819.27
11-5-2019,24094.03
11-6-2019,23963.02
11-8-2019,27542.05
11-9-2019,27542.05
11-10-2019,28906.74
11-11-2019,29032.22
11-12-2019,31863.92
11-13-2019,31603.73
11-14-2019,29839.43
11-15-2019,29839.43
11-16-2019,29839.43
11-17-2019,29794.31
11-18-2019,31811.93
11-19-2019,33075.98
11-20-2019,33592.83
11-21-2019,33752.92
11-22-2019,33752.92
11-23-2019,33752.92
11-24-2019,36419.02
11-25-2019,38041.02
11-26-2019,40012.04
11-27-2019,41721.03
11-28-2019,41594
11-29-2019,41594
11-30-2019,41594
12-1-2019,39840.41
12-2-2019,40018.63
12-3-2019,43032.92
12-4-2019,44521.02
12-5-2019,44187.42
12-6-2019,44187.42
12-7-2019,44187.42
12-8-2019,44772.87
12-9-2019,46850.32
12-10-2019,47109.04
12-11-2019,46838.19
12-12-2019,47104.12
12-13-2019,47104.12
12-14-2019,47104.12
12-15-2019,48011.01
12-16-2019,47740.23
12-17-2019,48519.43
12-18-2019,47325.02
12-19-2019,47602.03
12-20-2019,47602.03
12-21-2019,47602.03
12-22-2019,46112.49
12-23-2019,46112.49
12-24-2019,46112.49
12-25-2019,45592.27
12-26-2019,47502.03
12-27-2019,47502.03
12-28-2019,47502.03
12-29-2019,51832.53
12-30-2019,54702.82
12-31-2019,54702.82
1-1-2020,57301.94
1-2-2020,67482.17
1-3-2020,76493.09
1-4-2020,76493.09
1-5-2020,78291.04
1-6-2020,75902.34
1-7-2020,69852.14
1-8-2020,62210.93
1-9-2020,74842.72
1-10-2020,82583.01
1-11-2020,82583.01
1-12-2020,83273.94
1-13-2020,80721.92
1-14-2020,72103.93
1-15-2020,78753.07
1-16-2020,76890.76
1-17-2020,76890.76
1-18-2020,76890.76
1-19-2020,78421.04
1-20-2020,75863.11
1-21-2020,75922.68
1-22-2020,76332.04
1-23-2020,77102.61
1-24-2020,77102.61
1-25-2020,77102.61
1-26-2020,76518.91
1-27-2020,75912.21
1-28-2020,74860.81
1-29-2020,74281.49
1-30-2020,75015.74
1-31-2020,75015.74
2-1-2020,75015.74
2-2-2020,75103.83
2-3-2020,75420.02
2-4-2020,74793.32
2-5-2020,75002.2
2-6-2020,75111.72
2-7-2020,75111.72
2-8-2020,75111.72
2-9-2020,75311.43
2-10-2020,75182.92
2-11-2020,74992.02
2-12-2020,75053.81
2-13-2020,75272.11
2-14-2020,75272.11
2-15-2020,75272.11
2-16-2020,75272.11
2-17-2020,77142.94
2-18-2020,76908.43
2-19-2020,76928.77
2-20-2020,76371.88
2-21-2020,76371.88
2-22-2020,76371.88
2-23-2020,76371.88
2-24-2020,76371.88
2-25-2020,76502.57
2-26-2020,76318.11
2-27-2020,76472.33
2-28-2020,76472.33
2-29-2020,76472.33
3-1-2020,76102.01
3-2-2020,75492.29
3-3-2020,75730.74
3-4-2020,75201.82
3-5-2020,75008.41
3-6-2020,75008.41
3-7-2020,75008.41
3-8-2020,76232.75
3-9-2020,76103.62
3-10-2020,76403.82
3-11-2020,82340.22
3-12-2020,80023.18
3-13-2020,80023.18
3-14-2020,80023.18
3-15-2020,80023.18
3-16-2020,76713.38
3-17-2020,75724.82
3-18-2020,72731.72
3-19-2020,71842.92
3-20-2020,72931.65
3-21-2020,72931.65
3-22-2020,75184.82
3-23-2020,75184.82
3-24-2020,75184.82
3-25-2020,75184.82
3-26-2020,84723.01
3-27-2020,84723.01
3-28-2020,84723.01
3-29-2020,84581.04
3-30-2020,87076.65
3-31-2020,87396.82
4-1-2020,89168.7
4-2-2020,94120.28
4-3-2020,94120.28
4-4-2020,94120.28
4-5-2020,99043.72
4-6-2020,105729.27
4-7-2020,117395.02
4-8-2020,117395.02
4-9-2020,117395.02
4-10-2020,117395.02
4-11-2020,117395.02
4-12-2020,135833.42
4-13-2020,136008.75
4-14-2020,138053.53
4-15-2020,134804.72
4-16-2020,130032.62
4-17-2020,130032.62
4-18-2020,130032.62
4-19-2020,140102.32
4-20-2020,153119.32
4-21-2020,175523.12
4-22-2020,200058.83
4-23-2020,195823.41
4-24-2020,195823.41
4-25-2020,195823.41
4-26-2020,197242.02
4-27-2020,193042.81
4-28-2020,185004.12
4-29-2020,180286.55
4-30-2020,177691.94
5-1-2020,177691.94
5-2-2020,177691.94
5-3-2020,180022.62
5-4-2020,179021.82
5-5-2020,175501.44
5-6-2020,178502.21
5-7-2020,182042.31
5-8-2020,182042.31
5-9-2020,182042.31
5-10-2020,185201.74
5-11-2020,182499.03
5-12-2020,186027.48
5-13-2020,187704.89
5-14-2020,188021.12
5-15-2020,188021.12
5-16-2020,188021.12
5-17-2020,187241.82
5-18-2020,188031.86
5-19-2020,188794.82
5-20-2020,188794.82
5-21-2020,205043.61
5-22-2020,205043.61
5-23-2020,205043.61
5-24-2020,206396.53
5-25-2020,202043.94
5-26-2020,196711.05
5-27-2020,195812.32
5-28-2020,195802.81
5-29-2020,195802.81
5-30-2020,195802.81
5-31-2020,196922.02
6-1-2020,196032.78
6-2-2020,195844.93
6-3-2020,195405.03
6-4-2020,195003.91
6-5-2020,195003.91
6-6-2020,195003.91
6-7-2020,196410.29
6-8-2020,198401.62
6-9-2020,260513.11
6-10-2020,210032.63
6-11-2020,208612.29
6-12-2020,208612.29
6-13-2020,208612.29
6-14-2020,206813.81
6-15-2020,205310.03
6-16-2020,205712.82
6-17-2020,205018.91
6-18-2020,205110.83
6-19-2020,205110.83
6-20-2020,205110.83
6-21-2020,205729.18
6-22-2020,203013.22
6-23-2020,207012.32
6-24-2020,207012.32
6-25-2020,210123.53
6-26-2020,210123.53
6-27-2020,210123.53
6-28-2020,214202.06
6-29-2020,212371.73
6-30-2020,207129.01
7-1-2020,205230.73
7-2-2020,210047.11
7-3-2020,210047.11
7-4-2020,210047.11
7-5-2020,214720.58
7-6-2020,218652.22
7-7-2020,222482.96
7-8-2020,217204.37
7-9-2020,223071.1
7-10-2020,223071.1
7-11-2020,223071.1
7-12-2020,228102.33
7-13-2020,231100.93
7-14-2020,231002.35
7-15-2020,232981.02
7-16-2020,235012.53
7-17-2020,235012.53
7-18-2020,235012.53
7-19-2020,237892.02
7-20-2020,245081.79
7-21-2020,252313.95
7-22-2020,258026.12
7-23-2020,258026.12
7-24-2020,258026.12
7-25-2020,258026.12
7-26-2020,262012.62
7-27-2020,260068.94
7-28-2020,258712.02
7-29-2020,265883.7
7-30-2020,268022.76
7-31-2020,268022.76
8-1-2020,268022.76
8-2-2020,268109.12
8-3-2020,265980.04
8-4-2020,268581.06
8-5-2020,278022.72
8-6-2020,294729.01
8-7-2020,294729.01
8-8-2020,294729.01
8-9-2020,296128.94
8-10-2020,280012.53
8-11-2020,285012.42
8-12-2020,288953.82
8-13-2020,298781.93
8-14-2020,298781.93
8-15-2020,298781.93
8-16-2020,289874.72
8-17-2020,294821.82
8-18-2020,303054.13
8-19-2020,310272.29
8-20-2020,306993.62
8-21-2020,306993.62
8-22-2020,306993.62
8-23-2020,310022.05
8-24-2020,317382.73
8-25-2020,320068.9
8-26-2020,330007.62
8-27-2020,333093.27
8-28-2020,333093.27
8-29-2020,333093.27
8-30-2020,336821.07
8-31-2020,345123.12
9-1-2020,346053.78
9-2-2020,348782.03
9-3-2020,364023.12
9-4-2020,364023.12
9-5-2020,364023.12
9-6-2020,369074.44
9-7-2020,369201.92
9-8-2020,368532.31
9-9-2020,366713.14
9-10-2020,370032.61
9-11-2020,370032.61
9-12-2020,370032.61
9-13-2020,378043.42
9-14-2020,373489.52
9-15-2020,380023.62
9-16-2020,384420.91
9-17-2020,395043.33
9-18-2020,395043.33
9-19-2020,395043.33
9-20-2020,401038.84
9-21-2020,410183.83
9-22-2020,410902.63
9-23-2020,423127.75
9-24-2020,438319.92
9-25-2020,438319.92
9-26-2020,438319.92
9-27-2020,440378.38
9-28-2020,450102.72
9-29-2020,452076.76
9-30-2020,444823.76
10-1-2020,449043.73
10-2-2020,449043.73
10-3-2020,449043.73
10-4-2020,460823.23
10-5-2020,452042.91
10-6-2020,458032.92
10-7-2020,470012.73
10-8-2020,472323.92
10-9-2020,472323.92
10-10-2020,472323.92
10-11-2020,470013.81
10-12-2020,466923.72
10-13-2020,455023.82
10-14-2020,443684.67
10-15-2020,460012.36
10-16-2020,460012.36
10-17-2020,460012.36
10-18-2020,490012.82
10-19-2020,465902.92
10-20-2020,458193.82
10-21-2020,459023.63
10-22-2020,470183.51
10-23-2020,470183.51
10-24-2020,470183.51
10-25-2020,475043.71
10-26-2020,484924.03
10-27-2020,500116.38
10-28-2020,540149.73
10-29-2020,542413.91
10-30-2020,542413.91
10-31-2020,542413.91
11-1-2020,535692.1
11-2-2020,524031.03
11-3-2020,530472.95
11-4-2020,537859.05
11-5-2020,540023.64
11-6-2020,540023.64
11-7-2020,540023.64
11-8-2020,344602.42
11-9-2020,564932.23
11-10-2020,590142.53
11-11-2020,661043.72
11-12-2020,690021.4
11-13-2020,690021.4
11-14-2020,690021.4
11-15-2020,685272.38
11-16-2020,682634.16
11-17-2020,684903.72
11-18-2020,725087.87
11-19-2020,820186.43
11-20-2020,820186.43
11-21-2020,820186.43
11-22-2020,950259.63
11-23-2020,1010242.78
11-24-2020,975013.78
11-25-2020,1030705.11
11-26-2020,1204023.27
11-27-2020,1204023.27
11-28-2020,1204023.27
11-29-2020,1214053.74
11-30-2020,1050374.91
12-1-2020,999630.72
12-2-2020,1025065.82
12-3-2020,1305293.44
12-4-2020,1305293.44
12-5-2020,1305293.44
12-6-2020,1163053.07
12-7-2020,1094023.92
12-8-2020,1100032.3
12-9-2020,1180127.63
12-10-2020,1135074.29
12-11-2020,1135074.29
12-12-2020,1135074.29
12-13-2020,1150272.95
12-14-2020,1226312.32
12-15-2020,1068031.82
12-16-2020,1001858.84
12-17-2020,1050833.77
12-18-2020,1050833.77
12-19-2020,1050833.77
12-20-2020,1120744.03
12-21-2020,1062934.54
12-22-2020,1000143.81
12-23-2020,980329.71
12-24-2020,980329.71
12-25-2020,980329.71
12-26-2020,980329.71
12-27-2020,990813.72
12-28-2020,1204338.52
12-29-2020,1103663.33
12-30-2020,998942.14
12-31-2020,998942.14
1-1-2021,998942.14
1-2-2021,998942.14
1-3-2021,1120102.43
1-4-2021,1230063.75
1-5-2021,1335065.11
1-6-2021,1446012.11
1-7-2021,1615923.17
1-8-2021,1620852.03
1-9-2021,1620852.03
1-10-2021,1621012.12
1-11-2021,1610378.01
1-12-2021,1600401.17
1-13-2021,1602038.88
1-14-2021,1660824.38
1-15-2021,1660824.38
1-16-2021,1660824.38
1-17-2021,1663064.87
1-18-2021,1600384.65
1-19-2021,1615012.73
1-20-2021,1702492.12
1-21-2021,1750236.13
1-22-2021,1750236.13
1-23-2021,1750236.13
1-24-2021,1748013.02
1-25-2021,1803130.82
1-26-2021,1850128.02
1-27-2021,1802869.02
1-28-2021,1788641.94
1-29-2021,1788641.94
1-30-2021,1788641.94
1-31-2021,1750022.13
2-1-2021,1728843.54
2-2-2021,1800137.29
2-3-2021,1850015.22
2-4-2021,1847582.91
2-5-2021,1847582.91
2-6-2021,1847582.91
2-7-2021,1850173.02
2-8-2021,1765049.56
2-9-2021,1720033.83
2-10-2021,1760302.91
2-11-2021,1734814.46
2-12-2021,1734814.46
2-13-2021,1734814.46
2-14-2021,1734814.46
